airpressure,Pressure,Herrgärdet_Väder,A_DS18B20_outside_and_a_BPM180_inside,weather,,,,,,,
insidetemp,Temperature,Herrgärdet_Väder,A_DS18B20_outside_and_a_BPM180_inside,weather,,,,,,,
outsidetemp,Temperature,Herrgärdet_Väder,A_DS18B20_outside_and_a_BPM180_inside,weather,,,,,,,
hum,Humidity,OBS_environment,All_observatory_data,,,,,,,,
light,Brightness,OBS_environment,All_observatory_data,,,,,,,,
pressure,Pressure,OBS_environment,All_observatory_data,,,,,,,,
temp,Temperature,OBS_environment,All_observatory_data,,,,,,,,
time,Time,lab208,nitrogen_flow,nitrogen,,,,,,,
humidity,Humidity,BPTH01,DHT22_temperature_and_humidity_sensor,_located_Cambridge_UK.,bp,cambridge,humdity,temp,,,
temp,Temperature,BPTH01,DHT22_temperature_and_humidity_sensor,_located_Cambridge_UK.,bp,cambridge,humdity,temp,,,
temp,Temperature,TempBug1,Temperature_Logging_with_ElectricImp,temp,,,,,,,
time,Time,Reformer,Nitrogen_flow,,,,,,,,
battery,Battery_Level,Solar_Charger_Experiment,Logged_from_Tracer_3215RN,,,,,,,,
humidity,Humidity,Bedroom,Temperature,temp,,,,,,,
temp,Temperature,Bedroom,Temperature,temp,,,,,,,
humidity,Humidity,Office,ESP8266_with_DHT22_and_solar_measurement_from_photovoltaic_cell,,,,,,,,
temp,Temperature,Office,ESP8266_with_DHT22_and_solar_measurement_from_photovoltaic_cell,,,,,,,,
Pad Temperature,Temperature,tortoises,tortoise_data,tortoise_cal_poly,,,,,,,
Ambient Temperature,Temperature,tortoises,tortoise_data,tortoise_cal_poly,,,,,,,
Humidity Inside,Humidity,Office_Data,Weather_Data_Inside_the_office,Arduino_Ethernet_DHT11_Temperature_Humidity_Nanode,,,,,,,
Light Inside,Brightness,Office_Data,Weather_Data_Inside_the_office,Arduino_Ethernet_DHT11_Temperature_Humidity_Nanode,,,,,,,
Temp Inside,Temperature,Office_Data,Weather_Data_Inside_the_office,Arduino_Ethernet_DHT11_Temperature_Humidity_Nanode,,,,,,,
green,Colour,RUGrid_RGB,RUGrid_Red,_Green,_Blue_Color_mixing,,,,,,
blue,Colour,RUGrid_RGB,RUGrid_Red,_Green,_Blue_Color_mixing,,,,,,
red,Colour,RUGrid_RGB,RUGrid_Red,_Green,_Blue_Color_mixing,,,,,,
Tank Temp,Temperature,JBJ28_Nanocube,Aquarium_Controller,,,,,,,,
Hood Temp,Temperature,JBJ28_Nanocube,Aquarium_Controller,,,,,,,,
Room Temp,Temperature,JBJ28_Nanocube,Aquarium_Controller,,,,,,,,
PH,PH,JBJ28_Nanocube,Aquarium_Controller,,,,,,,,
Hum,Humidity,Avokado,Avokados_humidity,,,,,,,,
Temperatur,Temperature,ServerRoom_KDR,Lys_&_temp_p,,,,,,,,
FreezerTemp,Temperature,Brew_Freezer,7_Cubic_Foot_chest_freezer_to_be_converted_to_a_kegerator,,,,,,,,
Temperature (C),Temperature,BMP085_Sensor,BMP085_barometric_pressure_sensor_attached_to_Arduino,BMP085_Temperature_Pressure_Barometric,,,,,,,
Pressure (hPa),Pressure,BMP085_Sensor,BMP085_barometric_pressure_sensor_attached_to_Arduino,BMP085_Temperature_Pressure_Barometric,,,,,,,
Light  Intensity,Brightness,Chad_Solar_Charge_Monitor,Voltage,_Temperature_and_light_intensity,,,,,,,
Voltage,Voltage,Chad_Solar_Charge_Monitor,Voltage,_Temperature_and_light_intensity,,,,,,,
Temperature,Temperature,Chad_Solar_Charge_Monitor,Voltage,_Temperature_and_light_intensity,,,,,,,
LightSensor,Brightness,ca'n_daniel,,light,temperature,,,,,,
Temperature,Temperature,ca'n_daniel,,light,temperature,,,,,,
Temperature,Temperature,Backyard_Garden,,,,,,,,,
Light,Brightness,Backyard_Garden,,,,,,,,,
Temperature,Temperature,Office_temperature,,PVJ,,,,,,,
display tank temperature,Temperature,bekbrigen,kangen,ref,hydra,tank,,,,,
room temperature,Temperature,bekbrigen,kangen,ref,hydra,tank,,,,,
ph,PH,bekbrigen,kangen,ref,hydra,tank,,,,,
outsideTemp,Temperature,Thermostat_Downstairs,Downstairs_3M-50,,,,,,,,
insideTemp,Temperature,Thermostat_Downstairs,Downstairs_3M-50,,,,,,,,
outsideTemp,Temperature,Thermostat_Upstairs,3M-50_Upstairs,,,,,,,,
insideTemp,Temperature,Thermostat_Upstairs,3M-50_Upstairs,,,,,,,,
Target Temperature,Temperature,Thermostat,3M-50_Wifi_Thermostat,energy_temperature_thermostat,,,,,,,
Outdoor Temperature,Temperature,Thermostat,3M-50_Wifi_Thermostat,energy_temperature_thermostat,,,,,,,
Indoor Temperature,Temperature,Thermostat,3M-50_Wifi_Thermostat,energy_temperature_thermostat,,,,,,,
Power using a hour,Power,Marcel_channel,Power_using_in_my_home,,,,,,,,
Power using now,Power,Marcel_channel,Power_using_in_my_home,,,,,,,,
Humidity,Humidity,SHT15_Channel,Temperature_and_Humidity_measurements_from_the_sht15_sensor,sht15_temperature_humidity,,,,,,,
Temperature,Temperature,SHT15_Channel,Temperature_and_Humidity_measurements_from_the_sht15_sensor,sht15_temperature_humidity,,,,,,,
vent_temp,Temperature,Vent_Temp,A_DHT22_situated_near_an_HVAC_vent,_managed_by_a_Particle_Core/Photon,particle,photon,temp,,,,
temp,Temperature,Homestead_Temp,Temperature_at_Lake_George_NY,temp,,,,,,,
luftfeuchte,Humidity,Wetter_@5ZZ,Temperatur_und_Luftfeuchte_in_Hofheim_am_Taunus_(5ZZ_QTH),,,,,,,,
temp,Temperature,Wetter_@5ZZ,Temperatur_und_Luftfeuchte_in_Hofheim_am_Taunus_(5ZZ_QTH),,,,,,,,
humidity,Humidity,Sensor_for_Reptile_Cage,Measuring_data_in_reptile_cage,,,,,,,,
temp,Temperature,Sensor_for_Reptile_Cage,Measuring_data_in_reptile_cage,,,,,,,,
temp_f,Temperature,House_TMP102_Test,A_TMP102_sensor_hooked_up_via_an_Electric_IMP_for_testing.,temp_f,,,,,,,
humidity,Humidity,Test,123,,,,,,,,
idx,Heat_Index,Test,123,,,,,,,,
temp,Temperature,Test,123,,,,,,,,
humidity,Humidity,Diningroom,ESP8266_with_DHT22,,,,,,,,
temp,Temperature,Diningroom,ESP8266_with_DHT22,,,,,,,,
temp,Temperature,sam's_sensor_#1,sam's_sensor_#1,,,,,,,,
humidity,Humidity,WallE_Weather_2,second_weather_sensor,,,,,,,,
temp,Temperature,WallE_Weather_2,second_weather_sensor,,,,,,,,
Memory Available (mb),Memory,Linux_Server_Performance_Monitor_(compaq),CPU/Memory_Usage,,,,,,,,
CPU Usage (percent),CPU_Usage,Linux_Server_Performance_Monitor_(compaq),CPU/Memory_Usage,,,,,,,,
Temperatura em Celsius,Temperature,Fez_Panda_II_Temperatura,Temperature_for_FEZ_Panda_II,FEZ_Panda_II,,,,,,,
humidity,Humidity,Weather,ThingSpeak_Weather_Client_-_How_to_at_http://harrisonpham.com/dp/thingspeakclient,weather,,,,,,,
sunlight,Brightness,Weather,ThingSpeak_Weather_Client_-_How_to_at_http://harrisonpham.com/dp/thingspeakclient,weather,,,,,,,
temperature,Temperature,Weather,ThingSpeak_Weather_Client_-_How_to_at_http://harrisonpham.com/dp/thingspeakclient,weather,,,,,,,
Light Level,Brightness,Light_Sensor,A_photocell_in_my_room_measuring_the_ambient_light_level.,light,photocell,,,,,,
Temperature,Temperature,Fridgly,Light,_Temperature_and_Humidity_measurements,Netduino_Fridge,,,,,,
Humidity,Humidity,Fridgly,Light,_Temperature_and_Humidity_measurements,Netduino_Fridge,,,,,,
Light Level,Brightness,Fridgly,Light,_Temperature_and_Humidity_measurements,Netduino_Fridge,,,,,,
Roof,Temperature,Heat_Transfer,,,,,,,,,
Internal,Temperature,Heat_Transfer,,,,,,,,,
Light Sensor,Brightness,Fez_Panda_II_Light_Sensor,Light_Sensor,,,,,,,,
Random Number,Count,Channel_378,,,,,,,,,
Temperature,Temperature,mbed_Temperature_Monitor_Test_1,A_test_channel_for_a_temperature_monitor_using_a_mbed_microcontroller,,,,,,,,
Time,Time,mbed_Temperature_Monitor_Test_1,A_test_channel_for_a_temperature_monitor_using_a_mbed_microcontroller,,,,,,,,
Temperature,Temperature,PSoC_Temperature_Monitor,My_new_test_channel_for_testing_purposes.,,,,,,,,
Time,Time,PSoC_Temperature_Monitor,My_new_test_channel_for_testing_purposes.,,,,,,,,
Latitude,Geolocalization,GPS,GPS_Sensor,GPS,,,,,,,
Velocidade,Speed,GPS,GPS_Sensor,GPS,,,,,,,
Longitude,Geolocalization,GPS,GPS_Sensor,GPS,,,,,,,
Disk Space,Memory,Channel_423,VPS_disk_space,,,,,,,,
Hours,Time,Bore_Monitor,Chestnut_Farm_Bore_Monitor,,,,,,,,
Rate,Rate,Channel_466,Boiler_monitor,,,,,,,,
BTUs,Heat_Index,Channel_466,Boiler_monitor,,,,,,,,
Loop Temp,Temperature,Channel_466,Boiler_monitor,,,,,,,,
Room Temperature,Temperature,Home_Sensors,Temperature,,,,,,,,
Dollar Amount,Price,IRS_Refund,Please_enter_your_tax_refund_below.,,,,,,,,
Rate,Rate,Channel_484,,,,,,,,,
Display Tank Temperature,Temperature,John's_Hydra_Stats,Water_parameters_from_Hydra_controler,reef,hydra,tank,,,,,
Room Temperature,Temperature,John's_Hydra_Stats,Water_parameters_from_Hydra_controler,reef,hydra,tank,,,,,
pH,PH,John's_Hydra_Stats,Water_parameters_from_Hydra_controler,reef,hydra,tank,,,,,
piezo,Current,Vibration_Sensor,Vibration_sensor_located_on_a_CLEEN_ULT_Freezer,freezers,piezo,vibration,,,,,
datatime,Time,green_house,4_dht22_sensors_and_4_home_built_light_sensors,,,,,,,,
h0,Humidity,green_house,4_dht22_sensors_and_4_home_built_light_sensors,,,,,,,,
h1,Humidity,green_house,4_dht22_sensors_and_4_home_built_light_sensors,,,,,,,,
h2,Humidity,green_house,4_dht22_sensors_and_4_home_built_light_sensors,,,,,,,,
h3,Humidity,green_house,4_dht22_sensors_and_4_home_built_light_sensors,,,,,,,,
l0,Brightness,green_house,4_dht22_sensors_and_4_home_built_light_sensors,,,,,,,,
l1,Brightness,green_house,4_dht22_sensors_and_4_home_built_light_sensors,,,,,,,,
l2,Brightness,green_house,4_dht22_sensors_and_4_home_built_light_sensors,,,,,,,,
l3,Brightness,green_house,4_dht22_sensors_and_4_home_built_light_sensors,,,,,,,,
t0,Temperature,green_house,4_dht22_sensors_and_4_home_built_light_sensors,,,,,,,,
t1,Temperature,green_house,4_dht22_sensors_and_4_home_built_light_sensors,,,,,,,,
t2,Temperature,green_house,4_dht22_sensors_and_4_home_built_light_sensors,,,,,,,,
t3,Temperature,green_house,4_dht22_sensors_and_4_home_built_light_sensors,,,,,,,,
humidity,Humidity,DHT22,DHT22_+_ESP8266/NodeMCU,,,,,,,,
temp,Temperature,DHT22,DHT22_+_ESP8266/NodeMCU,,,,,,,,
humi,Humidity,Lipovetsky's_House_weather,build_on_esp2866,,,,,,,,
temp,Temperature,Lipovetsky's_House_weather,build_on_esp2866,,,,,,,,
Controller Temp,Temperature,8_Gallon_Nano,,,,,,,,,
Hood Temp,Temperature,8_Gallon_Nano,,,,,,,,,
PH,PH,8_Gallon_Nano,,,,,,,,,
Tank Temp,Temperature,8_Gallon_Nano,,,,,,,,,
Dollar Amount,Price,Frozen_Poker_Money,Enter_the_amount_of_cash_that_is_frozen_in_your_online_poker_account.,,,,,,,,
temp,Temperature,officeTemp,Office_temperature_@_Wunderman_Miami,,,,,,,,
Temperatura,Temperature,Teste_Mbed,Teste_para_o_Mbed,,,,,,,,
Tempo,Time,Teste_Mbed,Teste_para_o_Mbed,,,,,,,,
Light Level,Brightness,Light_Level,Netduino_Plus_Test,netduinoplus,,,,,,,
Light intensity,Brightness,Kukulins_reef,Experimental_reef_data,,,,,,,,
Tank temperature,Temperature,Kukulins_reef,Experimental_reef_data,,,,,,,,
Motion,Motion,Motion_Sensor,Motion_sensing_from_webcam,Motion,,,,,,,
Testing Temp,Temperature,Home_Control_Testing,Testing_Wiznet_Board,Homevision_Homevisionxl_plugin,,,,,,,
Temperature ,Temperature,Home_-_Attic_Temp,Temperature_readings_from_Arduino_1-Wire_network.,Arduino,1-Wire,,,,,,
Temperature ,Temperature,Home_-_Basement_Temp,Temperature_readings_from_Arduino_1-Wire_network.,Arduino,1-Wire,,,,,,
Humidity,Humidity,EMD,EMD_in_Machine_Room,,,,,,,,
Temp,Temperature,EMD,EMD_in_Machine_Room,,,,,,,,
RSSI,RSSI,Jacob's_Bedroom,Cal_Poly_PCV_Estrella,_4th_floor,TI_TMP175,,,,,,
Temperature (degC),Temperature,Jacob's_Bedroom,Cal_Poly_PCV_Estrella,_4th_floor,TI_TMP175,,,,,,
LQI,LQI,Jacob's_Bedroom,Cal_Poly_PCV_Estrella,_4th_floor,TI_TMP175,,,,,,
Color,Colour,Anclote_Brewery,Brewing_controller,beer,more_beer,sometimes_cider,,,,,
Temperature,Temperature,Anclote_Brewery,Brewing_controller,beer,more_beer,sometimes_cider,,,,,
time,Time,Ping_Rose_Time,Time_to_ping_Rose_from_home.,,,,,,,,
light,Brightness,Garage_monitor,Garage_temperature,_light_and_door_position,temperature,,,,,,
temperature,Temperature,Garage_monitor,Garage_temperature,_light_and_door_position,temperature,,,,,,
temp,Temperature,temp_bug3,my_third_tempbug:_http://www.instructables.com/id/TempBug-internet-connected-thermometer/?ALLSTEPS_likely_to_be_used_for_testing,,,,,,,,
cl1,Price,WTI_Frame,CL1_and_NG1_prices.,,,,,,,,
ng1,Price,WTI_Frame,CL1_and_NG1_prices.,,,,,,,,
time,Time,WTI_Frame,CL1_and_NG1_prices.,,,,,,,,
temp,Temperature,Tempbug,An_NTC_thermistor_measuring_hot_water_temp,hotwater,thermistor,,,,,,
r1,Humidity,HP_Sensor_AQ_10,temperature,_humidity_indoors,hp_weather,,,,,,
r2,Humidity,HP_Sensor_AQ_10,temperature,_humidity_indoors,hp_weather,,,,,,
r3,Humidity,HP_Sensor_AQ_10,temperature,_humidity_indoors,hp_weather,,,,,,
r4,Humidity,HP_Sensor_AQ_10,temperature,_humidity_indoors,hp_weather,,,,,,
r5,Humidity,HP_Sensor_AQ_10,temperature,_humidity_indoors,hp_weather,,,,,,
r6,Humidity,HP_Sensor_AQ_10,temperature,_humidity_indoors,hp_weather,,,,,,
r7,Humidity,HP_Sensor_AQ_10,temperature,_humidity_indoors,hp_weather,,,,,,
r8,Humidity,HP_Sensor_AQ_10,temperature,_humidity_indoors,hp_weather,,,,,,
r9,Humidity,HP_Sensor_AQ_10,temperature,_humidity_indoors,hp_weather,,,,,,
t1,Temperature,HP_Sensor_AQ_10,temperature,_humidity_indoors,hp_weather,,,,,,
t2,Temperature,HP_Sensor_AQ_10,temperature,_humidity_indoors,hp_weather,,,,,,
t3,Temperature,HP_Sensor_AQ_10,temperature,_humidity_indoors,hp_weather,,,,,,
t4,Temperature,HP_Sensor_AQ_10,temperature,_humidity_indoors,hp_weather,,,,,,
t5,Temperature,HP_Sensor_AQ_10,temperature,_humidity_indoors,hp_weather,,,,,,
t6,Temperature,HP_Sensor_AQ_10,temperature,_humidity_indoors,hp_weather,,,,,,
t7,Temperature,HP_Sensor_AQ_10,temperature,_humidity_indoors,hp_weather,,,,,,
t8,Temperature,HP_Sensor_AQ_10,temperature,_humidity_indoors,hp_weather,,,,,,
t9,Temperature,HP_Sensor_AQ_10,temperature,_humidity_indoors,hp_weather,,,,,,
rssi,RSSI,Test1,Test1,,,,,,,,
temp,Temperature,Test1,Test1,,,,,,,,
air_temp,Temperature,RPI_CAM_DB01,CPU_and_AIR_Temp_form_RPI,,,,,,,,
cpu_temp,Temperature,RPI_CAM_DB01,CPU_and_AIR_Temp_form_RPI,,,,,,,,
temp,Temperature,GarageTempBug,MJG_temp_bug,signal,temp,,,,,,
baromin,Pressure,Crystal_Brook_Weather,Weather_Station_located_at_Crystal_Brook,_South_Australia,brook,crystal,weather,wimp,,,
batt_lvl,Battery_Level,Crystal_Brook_Weather,Weather_Station_located_at_Crystal_Brook,_South_Australia,brook,crystal,weather,wimp,,,
dailyrainmm,Rain_Index,Crystal_Brook_Weather,Weather_Station_located_at_Crystal_Brook,_South_Australia,brook,crystal,weather,wimp,,,
dewptc,Rain_Index,Crystal_Brook_Weather,Weather_Station_located_at_Crystal_Brook,_South_Australia,brook,crystal,weather,wimp,,,
humidity,Humidity,Crystal_Brook_Weather,Weather_Station_located_at_Crystal_Brook,_South_Australia,brook,crystal,weather,wimp,,,
light_lvl,Brightness,Crystal_Brook_Weather,Weather_Station_located_at_Crystal_Brook,_South_Australia,brook,crystal,weather,wimp,,,
rainmm,Rain_Index,Crystal_Brook_Weather,Weather_Station_located_at_Crystal_Brook,_South_Australia,brook,crystal,weather,wimp,,,
tempc,Temperature,Crystal_Brook_Weather,Weather_Station_located_at_Crystal_Brook,_South_Australia,brook,crystal,weather,wimp,,,
winddir,Wind,Crystal_Brook_Weather,Weather_Station_located_at_Crystal_Brook,_South_Australia,brook,crystal,weather,wimp,,,
winddir_avg2m,Wind,Crystal_Brook_Weather,Weather_Station_located_at_Crystal_Brook,_South_Australia,brook,crystal,weather,wimp,,,
windgustdir,Speed,Crystal_Brook_Weather,Weather_Station_located_at_Crystal_Brook,_South_Australia,brook,crystal,weather,wimp,,,
windgustdir_10m,Speed,Crystal_Brook_Weather,Weather_Station_located_at_Crystal_Brook,_South_Australia,brook,crystal,weather,wimp,,,
windgustkmh,Speed,Crystal_Brook_Weather,Weather_Station_located_at_Crystal_Brook,_South_Australia,brook,crystal,weather,wimp,,,
windgustkmh_10m,Speed,Crystal_Brook_Weather,Weather_Station_located_at_Crystal_Brook,_South_Australia,brook,crystal,weather,wimp,,,
windspdkmh_avg2m,Speed,Crystal_Brook_Weather,Weather_Station_located_at_Crystal_Brook,_South_Australia,brook,crystal,weather,wimp,,,
windspeedkmh,Speed,Crystal_Brook_Weather,Weather_Station_located_at_Crystal_Brook,_South_Australia,brook,crystal,weather,wimp,,,
ph,PH,CR1000_pH,monitoring_pH_conteneur,cr1000,ph,,,,,,
v_batt,Battery_Level,CR1000_pH,monitoring_pH_conteneur,cr1000,ph,,,,,,
humidity,Humidity,MixTest,ds20_,_dht22,,,,,,,
temp1,Temperature,MixTest,ds20_,_dht22,,,,,,,
temp2,Temperature,MixTest,ds20_,_dht22,,,,,,,
temp,Temperature,TheTemperature,Server_Room_Temperature_-_PlusCo,_Trento,_Italy,server,temp,,,,
temp_frem,Temperature,Fjernvarme_temperatur,2_x_TMP36_sensor,,,,,,,,
temp_retur,Temperature,Fjernvarme_temperatur,2_x_TMP36_sensor,,,,,,,,
volt,Voltage,Fjernvarme_temperatur,2_x_TMP36_sensor,,,,,,,,
relative_humidity,Humidity,HP_Sensor_AQ_4,temperature,_humidity,hp_weather,,,,,,
temperature_in_celsius,Temperature,HP_Sensor_AQ_4,temperature,_humidity,hp_weather,,,,,,
temp,Temperature,Tommy's_Temperatures,Tommy_experimenting_with_a_couple_of_DS18B20_and_a_Raspberry_Pi.,temp,,,,,,,
humidity,Humidity,Keller,DHT22,,,,,,,,
temperature,Temperature,Keller,DHT22,,,,,,,,
price,Price,BitShares_BTS/USD_Price,Settlement_price_of_BTS/USD_market_on_BitShares_Exchange._See_https://bitshares.org/wallet/#/market/BTS_USD,bitshares,bts,,,,,,
snapshot_time,Time,BitShares_BTS/USD_Price,Settlement_price_of_BTS/USD_market_on_BitShares_Exchange._See_https://bitshares.org/wallet/#/market/BTS_USD,bitshares,bts,,,,,,
Temperature,Temperature,Channel_601,testing_channel,,,,,,,,
Temperature,Temperature,ELV_IPWE,ELV_IPWE_Temperature,,,,,,,,
Humidity,Humidity,ELV_IPWE,ELV_IPWE_Temperature,,,,,,,,
Time,Time,ELV_IPWE,ELV_IPWE_Temperature,,,,,,,,
Rain,Rain_Index,ELV_IPWE,ELV_IPWE_Temperature,,,,,,,,
Wind,Wind,ELV_IPWE,ELV_IPWE_Temperature,,,,,,,,
Room temperature,Temperature,Torhav's_hydra,Data_collected_from_my_hydra,,,,,,,,
Tank temperature,Temperature,Torhav's_hydra,Data_collected_from_my_hydra,,,,,,,,
pH,PH,Torhav's_hydra,Data_collected_from_my_hydra,,,,,,,,
Pressure,Pressure,Room_Sensors,,,,,,,,,
Humidity,Humidity,Room_Sensors,,,,,,,,,
Temperature,Temperature,Room_Sensors,,,,,,,,,
Memory Available (mb) ,Memory,Win7StatsTest1,,,,,,,,,
CPU Usage (percent) ,CPU_Usage,Win7StatsTest1,,,,,,,,,
TempC,Temperature,House_Temp,Record_of_the_house_temperatures,,,,,,,,
Temperature,Temperature,House_Temp,Record_of_the_house_temperatures,,,,,,,,
Money,Price,Piggybank,Every_coin_counts_:),Money,,,,,,,
Temp,Temperature,MaxTest01,Just_a_test,,,,,,,,
Light,Brightness,RdiBot,Rdibot,,,,,,,,
Temp,Temperature,RdiBot,Rdibot,,,,,,,,
Time,Time,TechieCooksData,test_data,,,,,,,,
Memory Available (mb),Memory,Linux_Server_Performance_Monitor,Linux_Server_Performance_Monitor,,,,,,,,
CPU Usage %,CPU_Usage,Linux_Server_Performance_Monitor,Linux_Server_Performance_Monitor,,,,,,,,
Temperature,Temperature,Rick_Office,Rick's_Office_data,office,temperature,status,,,,,
Humidity %,Humidity,TNUA_FBI_LAB,,sht15,Arduino,temp,humidity,ethernet_shield,,,
Temperature C,Temperature,TNUA_FBI_LAB,,sht15,Arduino,temp,humidity,ethernet_shield,,,
Utility Power Down,Power,Power_and_Sump_Monitor,Monitors_for_utility_power_outages_and_high_water_level_in_sump,,,,,,,,
Temperature,Temperature,Power_and_Sump_Monitor,Monitors_for_utility_power_outages_and_high_water_level_in_sump,,,,,,,,
current1,Current,Solar_System_Power_Status,Shows_the_voltage_and_current_input/output_of_a_solar_powered_weather_station,,,,,,,,
current2,Current,Solar_System_Power_Status,Shows_the_voltage_and_current_input/output_of_a_solar_powered_weather_station,,,,,,,,
voltage1,Voltage,Solar_System_Power_Status,Shows_the_voltage_and_current_input/output_of_a_solar_powered_weather_station,,,,,,,,
voltage2,Voltage,Solar_System_Power_Status,Shows_the_voltage_and_current_input/output_of_a_solar_powered_weather_station,,,,,,,,
gas,Gas_Level,Smart_Meter_values,Reading_out_my_smart_meter_values,home,,,,,,,
humidity,Humidity,Photon_Redboard_Environment_Logger,Logging_temperature,_relative_humidity,_and_light_sensor_readings_to_Phant._Using_a_Photon_Redboard_to_gather_data_and_post.,,,,,,
light,Brightness,Photon_Redboard_Environment_Logger,Logging_temperature,_relative_humidity,_and_light_sensor_readings_to_Phant._Using_a_Photon_Redboard_to_gather_data_and_post.,,,,,,
tempc,Temperature,Photon_Redboard_Environment_Logger,Logging_temperature,_relative_humidity,_and_light_sensor_readings_to_Phant._Using_a_Photon_Redboard_to_gather_data_and_post.,,,,,,
tempf,Temperature,Photon_Redboard_Environment_Logger,Logging_temperature,_relative_humidity,_and_light_sensor_readings_to_Phant._Using_a_Photon_Redboard_to_gather_data_and_post.,,,,,,
rawtemp,Temperature,OneWire_Temperatures,Temperatures_read_and_published_from_a_chain_of_OneWire_Temperature_Sensors.,onewire,particleio,photon,testing,,,,
airtemp,Temperature,Homestead_Stream_Gauge,A_multi-parameter_stream_gauge_on_Tuttle_Creek_at_the_Homestead_School,conductivity,depth,environmental,gauge,stream,temperature,turbidity,water
humidity,Humidity,Homestead_Stream_Gauge,A_multi-parameter_stream_gauge_on_Tuttle_Creek_at_the_Homestead_School,conductivity,depth,environmental,gauge,stream,temperature,turbidity,water
light,Brightness,Homestead_Stream_Gauge,A_multi-parameter_stream_gauge_on_Tuttle_Creek_at_the_Homestead_School,conductivity,depth,environmental,gauge,stream,temperature,turbidity,water
pressure,Pressure,Homestead_Stream_Gauge,A_multi-parameter_stream_gauge_on_Tuttle_Creek_at_the_Homestead_School,conductivity,depth,environmental,gauge,stream,temperature,turbidity,water
rain,Rain_Index,Homestead_Stream_Gauge,A_multi-parameter_stream_gauge_on_Tuttle_Creek_at_the_Homestead_School,conductivity,depth,environmental,gauge,stream,temperature,turbidity,water
streamtemp,Temperature,Homestead_Stream_Gauge,A_multi-parameter_stream_gauge_on_Tuttle_Creek_at_the_Homestead_School,conductivity,depth,environmental,gauge,stream,temperature,turbidity,water
vbatt,Battery_Level,Homestead_Stream_Gauge,A_multi-parameter_stream_gauge_on_Tuttle_Creek_at_the_Homestead_School,conductivity,depth,environmental,gauge,stream,temperature,turbidity,water
winddir,Wind,Homestead_Stream_Gauge,A_multi-parameter_stream_gauge_on_Tuttle_Creek_at_the_Homestead_School,conductivity,depth,environmental,gauge,stream,temperature,turbidity,water
windspeed,Speed,Homestead_Stream_Gauge,A_multi-parameter_stream_gauge_on_Tuttle_Creek_at_the_Homestead_School,conductivity,depth,environmental,gauge,stream,temperature,turbidity,water
degrees,Temperature,56R_Data,BME280_chip_collecting_Temp/Barometric_pressure.,temperature,,,,,,,
hectopascals,Pressure,56R_Data,BME280_chip_collecting_Temp/Barometric_pressure.,temperature,,,,,,,
humidity,Humidity,56R_Data,BME280_chip_collecting_Temp/Barometric_pressure.,temperature,,,,,,,
humidity,Humidity,Maemoh_Mine_Slope_Monitoring_No.1,This_project_for_record_land_mover,_land_slide._Mailto:sridetch.p@egat.co.th,bigtui,maemoh,mine,monitoring,sheer,slope,sridetch
temperature,Temperature,Maemoh_Mine_Slope_Monitoring_No.1,This_project_for_record_land_mover,_land_slide._Mailto:sridetch.p@egat.co.th,bigtui,maemoh,mine,monitoring,sheer,slope,sridetch
a_pressure,Pressure,New_Jersey_Autoclave_Data_Stream,A_stream_of_autoclave_data.,,,,,,,,
a_temperature,Temperature,New_Jersey_Autoclave_Data_Stream,A_stream_of_autoclave_data.,,,,,,,,
pulse_electric,Voltage,New_Jersey_Autoclave_Data_Stream,A_stream_of_autoclave_data.,,,,,,,,
ctwatts,Power,Solar_at_Heidelberg,local_watts_=_0_local_vpv1_=_0_local_vpv2_=_0__local_temp_=_0_local_ctwatts_=_0_local_meterwatts_=_0,,,,,,,,
meterwatts,Power,Solar_at_Heidelberg,local_watts_=_0_local_vpv1_=_0_local_vpv2_=_0__local_temp_=_0_local_ctwatts_=_0_local_meterwatts_=_0,,,,,,,,
temp,Temperature,Solar_at_Heidelberg,local_watts_=_0_local_vpv1_=_0_local_vpv2_=_0__local_temp_=_0_local_ctwatts_=_0_local_meterwatts_=_0,,,,,,,,
watts,Power,Solar_at_Heidelberg,local_watts_=_0_local_vpv1_=_0_local_vpv2_=_0__local_temp_=_0_local_ctwatts_=_0_local_meterwatts_=_0,,,,,,,,
dust,Dust_Level,Fork:_RiverRuns_Weather_station,analog.io/s30D_-_RiverRuns_weather_station_test._(Fork_of_s3894),,,,,,,,
hum,Humidity,Fork:_RiverRuns_Weather_station,analog.io/s30D_-_RiverRuns_weather_station_test._(Fork_of_s3894),,,,,,,,
press,Pressure,Fork:_RiverRuns_Weather_station,analog.io/s30D_-_RiverRuns_weather_station_test._(Fork_of_s3894),,,,,,,,
temp,Temperature,Fork:_RiverRuns_Weather_station,analog.io/s30D_-_RiverRuns_weather_station_test._(Fork_of_s3894),,,,,,,,
baromin,Pressure,12808_Weather,SparkFun_Weather_Station_located_in_Adirondack,_New_York__http://www.wunderground.com/personal-weather-station/dashboard?ID=KNYADIRO3,humidity,light,pressure,rain,temperature,weather,wind
batt_lvl,Battery_Level,12808_Weather,SparkFun_Weather_Station_located_in_Adirondack,_New_York__http://www.wunderground.com/personal-weather-station/dashboard?ID=KNYADIRO3,humidity,light,pressure,rain,temperature,weather,wind
dailyrainin,Rain_Index,12808_Weather,SparkFun_Weather_Station_located_in_Adirondack,_New_York__http://www.wunderground.com/personal-weather-station/dashboard?ID=KNYADIRO3,humidity,light,pressure,rain,temperature,weather,wind
dewptf,Temperature,12808_Weather,SparkFun_Weather_Station_located_in_Adirondack,_New_York__http://www.wunderground.com/personal-weather-station/dashboard?ID=KNYADIRO3,humidity,light,pressure,rain,temperature,weather,wind
humidity,Humidity,12808_Weather,SparkFun_Weather_Station_located_in_Adirondack,_New_York__http://www.wunderground.com/personal-weather-station/dashboard?ID=KNYADIRO3,humidity,light,pressure,rain,temperature,weather,wind
light_lvl,Brightness,12808_Weather,SparkFun_Weather_Station_located_in_Adirondack,_New_York__http://www.wunderground.com/personal-weather-station/dashboard?ID=KNYADIRO3,humidity,light,pressure,rain,temperature,weather,wind
rainin,Rain_Index,12808_Weather,SparkFun_Weather_Station_located_in_Adirondack,_New_York__http://www.wunderground.com/personal-weather-station/dashboard?ID=KNYADIRO3,humidity,light,pressure,rain,temperature,weather,wind
tempf,Temperature,12808_Weather,SparkFun_Weather_Station_located_in_Adirondack,_New_York__http://www.wunderground.com/personal-weather-station/dashboard?ID=KNYADIRO3,humidity,light,pressure,rain,temperature,weather,wind
timestamp,Time,12808_Weather,SparkFun_Weather_Station_located_in_Adirondack,_New_York__http://www.wunderground.com/personal-weather-station/dashboard?ID=KNYADIRO3,humidity,light,pressure,rain,temperature,weather,wind
winddir,Wind,12808_Weather,SparkFun_Weather_Station_located_in_Adirondack,_New_York__http://www.wunderground.com/personal-weather-station/dashboard?ID=KNYADIRO3,humidity,light,pressure,rain,temperature,weather,wind
winddir_avg2m,Wind,12808_Weather,SparkFun_Weather_Station_located_in_Adirondack,_New_York__http://www.wunderground.com/personal-weather-station/dashboard?ID=KNYADIRO3,humidity,light,pressure,rain,temperature,weather,wind
windgustdir,Speed,12808_Weather,SparkFun_Weather_Station_located_in_Adirondack,_New_York__http://www.wunderground.com/personal-weather-station/dashboard?ID=KNYADIRO3,humidity,light,pressure,rain,temperature,weather,wind
windgustdir_10m,Speed,12808_Weather,SparkFun_Weather_Station_located_in_Adirondack,_New_York__http://www.wunderground.com/personal-weather-station/dashboard?ID=KNYADIRO3,humidity,light,pressure,rain,temperature,weather,wind
windgustmph,Speed,12808_Weather,SparkFun_Weather_Station_located_in_Adirondack,_New_York__http://www.wunderground.com/personal-weather-station/dashboard?ID=KNYADIRO3,humidity,light,pressure,rain,temperature,weather,wind
windgustmph_10m,Speed,12808_Weather,SparkFun_Weather_Station_located_in_Adirondack,_New_York__http://www.wunderground.com/personal-weather-station/dashboard?ID=KNYADIRO3,humidity,light,pressure,rain,temperature,weather,wind
windspdmph_avg2m,Speed,12808_Weather,SparkFun_Weather_Station_located_in_Adirondack,_New_York__http://www.wunderground.com/personal-weather-station/dashboard?ID=KNYADIRO3,humidity,light,pressure,rain,temperature,weather,wind
windspeedmph,Speed,12808_Weather,SparkFun_Weather_Station_located_in_Adirondack,_New_York__http://www.wunderground.com/personal-weather-station/dashboard?ID=KNYADIRO3,humidity,light,pressure,rain,temperature,weather,wind
relative_humidity,Humidity,HP_Sensor_AQ_9,temperature,_humidity_sensor_indoors,hp_weather,,,,,,
temperature_in_celsius,Temperature,HP_Sensor_AQ_9,temperature,_humidity_sensor_indoors,hp_weather,,,,,,
barotemp,Temperature,Knype_Weather,Knypersley_Weather,weather,,,,,,,
hectopascals,Pressure,Knype_Weather,Knypersley_Weather,weather,,,,,,,
humidity,Humidity,Knype_Weather,Knypersley_Weather,weather,,,,,,,
tempf,Temperature,Knype_Weather,Knypersley_Weather,weather,,,,,,,
barometer,Pressure,Whidbey_Weather_Station,SparkFun_Photon_WeatherShield_at_seaside_location_on_200'_bluff_at_the_Strait_of_Juan_De_Fuca.,oceanweather,seasideweather,weather,whidbeyisland,,,,
humidity,Humidity,Whidbey_Weather_Station,SparkFun_Photon_WeatherShield_at_seaside_location_on_200'_bluff_at_the_Strait_of_Juan_De_Fuca.,oceanweather,seasideweather,weather,whidbeyisland,,,,
light,Brightness,Whidbey_Weather_Station,SparkFun_Photon_WeatherShield_at_seaside_location_on_200'_bluff_at_the_Strait_of_Juan_De_Fuca.,oceanweather,seasideweather,weather,whidbeyisland,,,,
moisture,Humidity,Whidbey_Weather_Station,SparkFun_Photon_WeatherShield_at_seaside_location_on_200'_bluff_at_the_Strait_of_Juan_De_Fuca.,oceanweather,seasideweather,weather,whidbeyisland,,,,
rainfall,Rain_Index,Whidbey_Weather_Station,SparkFun_Photon_WeatherShield_at_seaside_location_on_200'_bluff_at_the_Strait_of_Juan_De_Fuca.,oceanweather,seasideweather,weather,whidbeyisland,,,,
soiltemp,Temperature,Whidbey_Weather_Station,SparkFun_Photon_WeatherShield_at_seaside_location_on_200'_bluff_at_the_Strait_of_Juan_De_Fuca.,oceanweather,seasideweather,weather,whidbeyisland,,,,
temperature,Temperature,Whidbey_Weather_Station,SparkFun_Photon_WeatherShield_at_seaside_location_on_200'_bluff_at_the_Strait_of_Juan_De_Fuca.,oceanweather,seasideweather,weather,whidbeyisland,,,,
winddirection,Wind,Whidbey_Weather_Station,SparkFun_Photon_WeatherShield_at_seaside_location_on_200'_bluff_at_the_Strait_of_Juan_De_Fuca.,oceanweather,seasideweather,weather,whidbeyisland,,,,
windgust,Speed,Whidbey_Weather_Station,SparkFun_Photon_WeatherShield_at_seaside_location_on_200'_bluff_at_the_Strait_of_Juan_De_Fuca.,oceanweather,seasideweather,weather,whidbeyisland,,,,
windgustdir,Speed,Whidbey_Weather_Station,SparkFun_Photon_WeatherShield_at_seaside_location_on_200'_bluff_at_the_Strait_of_Juan_De_Fuca.,oceanweather,seasideweather,weather,whidbeyisland,,,,
windspeed,Speed,Whidbey_Weather_Station,SparkFun_Photon_WeatherShield_at_seaside_location_on_200'_bluff_at_the_Strait_of_Juan_De_Fuca.,oceanweather,seasideweather,weather,whidbeyisland,,,,
Server Temp,Temperature,ioBridge_Server,ioBridge_IO-204_connected_to_web_server_to_report_temperatures_to_ThingSpeak,temperature,iobridge,,,,,,
Outside Temperature,Temperature,my_house,Netduino_Plus_connected_to_sensors_around_the_house,temp,light,sensor,,,,,
Light,Brightness,my_house,Netduino_Plus_connected_to_sensors_around_the_house,temp,light,sensor,,,,,
Humidity,Humidity,Arduino_Ethernet,Ofice_Humidity_using_ioBridge_FB-8_Humidity_sensor,_Arduino_Diecimilia,_and_Ethernet_Shield.,,,,,,
Degrees F,Temperature,Interior_Temp,,,,,,,,,
Temp,Temperature,My_Front_Room,Front_Room_Temperature,,,,,,,,
Btu's,Heat_Index,Channel_21,Arduino_ThingSpeak_Test,,,,,,,,
HX Out,Heat_Index,Channel_21,Arduino_ThingSpeak_Test,,,,,,,,
HX In,Heat_Index,Channel_21,Arduino_ThingSpeak_Test,,,,,,,,
Gallons Flowed,Capacity,Channel_21,Arduino_ThingSpeak_Test,,,,,,,,
Sensor 2,Temperature,Channel_Test,Temperaturtest_Sensor_1,Sensor_1,,,,,,,
Sensor 3,Temperature,Channel_Test,Temperaturtest_Sensor_1,Sensor_1,,,,,,,
Sensor 1,Temperature,Channel_Test,Temperaturtest_Sensor_1,Sensor_1,,,,,,,
Temperatura,Temperature,Channel_57,AguasClaras_Weather_Station_sending_Reative_Humidity_and_Temperature,,,,,,,,
Humidade,Humidity,Channel_57,AguasClaras_Weather_Station_sending_Reative_Humidity_and_Temperature,,,,,,,,
Pixel Distance,Distance,Pixance,My_mouse_pixel_distance_covered_in_each_time_lapse,_updated_with_Pixance.,mouse_distance_pixel_python,,,,,,
DS1820 Temp (F),Temperature,Lacomb,_OR,Temperature_data_for_a_future_weather_station,weather_Lacomb_Oregon,,,,,,
Humidity,Humidity,LEDA_USA_Environment,Office_conditions_at_grand_street!,ledartist,testing,,,,,,
Dewpoint,Temperature,LEDA_USA_Environment,Office_conditions_at_grand_street!,ledartist,testing,,,,,,
TempC,Temperature,LEDA_USA_Environment,Office_conditions_at_grand_street!,ledartist,testing,,,,,,
temp,Temperature,Freezer,,,,,,,,,
Light,Brightness,Netduino_Test,,,,,,,,,
Temperature,Temperature,Thermometer,Wireless_outdoor_thermometer_(Electric_Imp,_TI_TMP102_sensor,_4_x_AA_Energizer_L91).,temperature,outdoor,,,,
Temperature,Temperature,Channel_152,Weather_Brest,_France,,,,,,,
Ambient Light,Brightness,Greenhouse_monitor,An_Arduino_based_greenhouse_controller_sending_environment_data_via_xbee_to_a_gateway_which_posts_the_data_to_ThingSpeak,sindono.com,xbee,environment,sensor,temperature,light,humidity,
Soil Humidity,Humidity,Greenhouse_monitor,An_Arduino_based_greenhouse_controller_sending_environment_data_via_xbee_to_a_gateway_which_posts_the_data_to_ThingSpeak,sindono.com,xbee,environment,sensor,temperature,light,humidity,
Temperature,Temperature,Greenhouse_monitor,An_Arduino_based_greenhouse_controller_sending_environment_data_via_xbee_to_a_gateway_which_posts_the_data_to_ThingSpeak,sindono.com,xbee,environment,sensor,temperature,light,humidity,
Humidity / %,Humidity,Husum,Experimental_Si7021_sensor_setup.,temperature,humidity,Si7021,,,,,
Temperature / °C,Temperature,Husum,Experimental_Si7021_sensor_setup.,temperature,humidity,Si7021,,,,,
Temperature,Temperature,Temperature,Temperature_in_the_Cycle30_office,,,,,,,,
GageHeight,Height,SWRC_Streamgage1,Pumphouse_Streamgage,,,,,,,,
Rating,Rate,Tap_1,Data_channel_for_the_Blue_Tap,,,,,,,,
lostTime,Time,Work_Hours,Work_Ratio,,,,,,,,
downTime,Time,Work_Hours,Work_Ratio,,,,,,,,
Temperature ,Temperature,Home_-_Indoor_Temp,Temperature_readings_from_Arduino_1-Wire_network.,Arduino,1-Wire,,,,,,
baromin,Pressure,SWLincoln,_Ne_Weather,Weather_Station_Readings,,,,,,,
batt_lvl,Battery_Level,SWLincoln,_Ne_Weather,Weather_Station_Readings,,,,,,,
dailyrainin,Rain_Index,SWLincoln,_Ne_Weather,Weather_Station_Readings,,,,,,,
dewptf,Temperature,SWLincoln,_Ne_Weather,Weather_Station_Readings,,,,,,,
humidity,Humidity,SWLincoln,_Ne_Weather,Weather_Station_Readings,,,,,,,
light_lvl,Brightness,SWLincoln,_Ne_Weather,Weather_Station_Readings,,,,,,,
measurementtime,Time,SWLincoln,_Ne_Weather,Weather_Station_Readings,,,,,,,
rainin,Rain_Index,SWLincoln,_Ne_Weather,Weather_Station_Readings,,,,,,,
tempf,Temperature,SWLincoln,_Ne_Weather,Weather_Station_Readings,,,,,,,
winddir,Wind,SWLincoln,_Ne_Weather,Weather_Station_Readings,,,,,,,
winddir_avg2m,Wind,SWLincoln,_Ne_Weather,Weather_Station_Readings,,,,,,,
windgustdir,Speed,SWLincoln,_Ne_Weather,Weather_Station_Readings,,,,,,,
windgustdir_10m,Speed,SWLincoln,_Ne_Weather,Weather_Station_Readings,,,,,,,
windgustmph,Speed,SWLincoln,_Ne_Weather,Weather_Station_Readings,,,,,,,
windgustmph_10m,Speed,SWLincoln,_Ne_Weather,Weather_Station_Readings,,,,,,,
windspdmph_avg2m,Speed,SWLincoln,_Ne_Weather,Weather_Station_Readings,,,,,,,
windspeedmph,Speed,SWLincoln,_Ne_Weather,Weather_Station_Readings,,,,,,,
time,Time,Maint_Mez,Nitrogen_Flow_on_Maintenance_Mezzanine,,,,,,,,
humidity,Humidity,envsensor2-pi2,DHT11_temp/humidity_sensor.,,,,,,,,
temp,Temperature,envsensor2-pi2,DHT11_temp/humidity_sensor.,,,,,,,,
relative_humidity,Humidity,HP_Sensor_AQ_8,temperature,_humidity_sensor_indoors,hp_weather,,,,,,
temperature_in_celsius,Temperature,HP_Sensor_AQ_8,temperature,_humidity_sensor_indoors,hp_weather,,,,,,
baromin,Pressure,Weather_Station_in_Novara_(Italy),A_Weather_Station_in_Novara,novara,station,weather,,,,,
batt_lvl,Battery_Level,Weather_Station_in_Novara_(Italy),A_Weather_Station_in_Novara,novara,station,weather,,,,,
dailyrainin,Rain_Index,Weather_Station_in_Novara_(Italy),A_Weather_Station_in_Novara,novara,station,weather,,,,,
dewptf,Temperature,Weather_Station_in_Novara_(Italy),A_Weather_Station_in_Novara,novara,station,weather,,,,,
humidity,Humidity,Weather_Station_in_Novara_(Italy),A_Weather_Station_in_Novara,novara,station,weather,,,,,
light_lvl,Brightness,Weather_Station_in_Novara_(Italy),A_Weather_Station_in_Novara,novara,station,weather,,,,,
measurementtime,Time,Weather_Station_in_Novara_(Italy),A_Weather_Station_in_Novara,novara,station,weather,,,,,
rainin,Rain_Index,Weather_Station_in_Novara_(Italy),A_Weather_Station_in_Novara,novara,station,weather,,,,,
tempf,Temperature,Weather_Station_in_Novara_(Italy),A_Weather_Station_in_Novara,novara,station,weather,,,,,
winddir,Wind,Weather_Station_in_Novara_(Italy),A_Weather_Station_in_Novara,novara,station,weather,,,,,
winddir_avg2m,Wind,Weather_Station_in_Novara_(Italy),A_Weather_Station_in_Novara,novara,station,weather,,,,,
windgustdir,Speed,Weather_Station_in_Novara_(Italy),A_Weather_Station_in_Novara,novara,station,weather,,,,,
windgustdir_10m,Speed,Weather_Station_in_Novara_(Italy),A_Weather_Station_in_Novara,novara,station,weather,,,,,
windgustmph,Speed,Weather_Station_in_Novara_(Italy),A_Weather_Station_in_Novara,novara,station,weather,,,,,
windgustmph_10m,Speed,Weather_Station_in_Novara_(Italy),A_Weather_Station_in_Novara,novara,station,weather,,,,,
windspdmph_avg2m,Speed,Weather_Station_in_Novara_(Italy),A_Weather_Station_in_Novara,novara,station,weather,,,,,
windspeedmph,Speed,Weather_Station_in_Novara_(Italy),A_Weather_Station_in_Novara,novara,station,weather,,,,,
baromin,Pressure,Skyline_Estates_Arvada_WIMP,A_complete_WIMP,arvada,estates,skyline,weather,,,,
batt_lvl,Battery_Level,Skyline_Estates_Arvada_WIMP,A_complete_WIMP,arvada,estates,skyline,weather,,,,
dailyrainin,Rain_Index,Skyline_Estates_Arvada_WIMP,A_complete_WIMP,arvada,estates,skyline,weather,,,,
dewptf,Temperature,Skyline_Estates_Arvada_WIMP,A_complete_WIMP,arvada,estates,skyline,weather,,,,
humidity,Humidity,Skyline_Estates_Arvada_WIMP,A_complete_WIMP,arvada,estates,skyline,weather,,,,
light_lvl,Brightness,Skyline_Estates_Arvada_WIMP,A_complete_WIMP,arvada,estates,skyline,weather,,,,
rainin,Rain_Index,Skyline_Estates_Arvada_WIMP,A_complete_WIMP,arvada,estates,skyline,weather,,,,
tempf,Temperature,Skyline_Estates_Arvada_WIMP,A_complete_WIMP,arvada,estates,skyline,weather,,,,
winddir,Wind,Skyline_Estates_Arvada_WIMP,A_complete_WIMP,arvada,estates,skyline,weather,,,,
winddir_avg2m,Wind,Skyline_Estates_Arvada_WIMP,A_complete_WIMP,arvada,estates,skyline,weather,,,,
windgustdir,Speed,Skyline_Estates_Arvada_WIMP,A_complete_WIMP,arvada,estates,skyline,weather,,,,
windgustdir_10m,Speed,Skyline_Estates_Arvada_WIMP,A_complete_WIMP,arvada,estates,skyline,weather,,,,
windgustmph,Speed,Skyline_Estates_Arvada_WIMP,A_complete_WIMP,arvada,estates,skyline,weather,,,,
windgustmph_10m,Speed,Skyline_Estates_Arvada_WIMP,A_complete_WIMP,arvada,estates,skyline,weather,,,,
windspdmph_avg2m,Speed,Skyline_Estates_Arvada_WIMP,A_complete_WIMP,arvada,estates,skyline,weather,,,,
windspeedmph,Speed,Skyline_Estates_Arvada_WIMP,A_complete_WIMP,arvada,estates,skyline,weather,,,,
humidity,Humidity,test_weather,Testing_wimp_weather_station,,,,,,,,
tempf,Temperature,test_weather,Testing_wimp_weather_station,,,,,,,,
temp,Temperature,Blueline_Server_Closet_Temp_Sensor,Blueline_Server_Closet_Temperature_Sensor,blueline,,,,,,,
dewpoint,Temperature,Raspberry_Pi_Weather,A_Raspberry_Pi_Weather_station_decoding_433_MHz_Sensors__www.billy.gr/raspberry-pi-weather-station,raspberrypi,weather,,,,,,
heatindex,Temperature,Raspberry_Pi_Weather,A_Raspberry_Pi_Weather_station_decoding_433_MHz_Sensors__www.billy.gr/raspberry-pi-weather-station,raspberrypi,weather,,,,,,
humidity,Humidity,Raspberry_Pi_Weather,A_Raspberry_Pi_Weather_station_decoding_433_MHz_Sensors__www.billy.gr/raspberry-pi-weather-station,raspberrypi,weather,,,,,,
temperature,Temperature,Raspberry_Pi_Weather,A_Raspberry_Pi_Weather_station_decoding_433_MHz_Sensors__www.billy.gr/raspberry-pi-weather-station,raspberrypi,weather,,,,,,
bottom,Temperature,Solar_Hot_Water_Temperatures,SHWS_temperatures_at_bottom(cold_inlet_and_roof_heater_feed),_middle_(roof_heater_return)_and_top_(tank_outlet),shws,,,,,,
middle,Temperature,Solar_Hot_Water_Temperatures,SHWS_temperatures_at_bottom(cold_inlet_and_roof_heater_feed),_middle_(roof_heater_return)_and_top_(tank_outlet),shws,,,,,,
timestamp,Time,Solar_Hot_Water_Temperatures,SHWS_temperatures_at_bottom(cold_inlet_and_roof_heater_feed),_middle_(roof_heater_return)_and_top_(tank_outlet),shws,,,,,,
top,Temperature,Solar_Hot_Water_Temperatures,SHWS_temperatures_at_bottom(cold_inlet_and_roof_heater_feed),_middle_(roof_heater_return)_and_top_(tank_outlet),shws,,,,,,
humidity,Humidity,VBBarn1_Env,A_VoltBarn_sensor_pack,_in_the_downstairs_workshop,_using_a_MPL115A1_for_barometric_pressure,_and_HTU21D_temp/humidity.,weather,,,,
pressure,Pressure,VBBarn1_Env,A_VoltBarn_sensor_pack,_in_the_downstairs_workshop,_using_a_MPL115A1_for_barometric_pressure,_and_HTU21D_temp/humidity.,weather,,,,
temp,Temperature,VBBarn1_Env,A_VoltBarn_sensor_pack,_in_the_downstairs_workshop,_using_a_MPL115A1_for_barometric_pressure,_and_HTU21D_temp/humidity.,weather,,,,
hum,Humidity,Arduino,temperatura,,,,,,,,
temp,Temperature,Arduino,temperatura,,,,,,,,
lux,Brightness,RACCS_Logger,RACCS_environmental_sensor_data,,,,,,,,
temp,Temperature,RACCS_Logger,RACCS_environmental_sensor_data,,,,,,,,
baromin,Pressure,Weather_Dump,Weather_information_at_Cilia.,millwood,ny,sensor,weather,,,,
batt_lvl,Battery_Level,Weather_Dump,Weather_information_at_Cilia.,millwood,ny,sensor,weather,,,,
dailyrainin,Rain_Index,Weather_Dump,Weather_information_at_Cilia.,millwood,ny,sensor,weather,,,,
dewptf,Temperature,Weather_Dump,Weather_information_at_Cilia.,millwood,ny,sensor,weather,,,,
humidity,Humidity,Weather_Dump,Weather_information_at_Cilia.,millwood,ny,sensor,weather,,,,
light_lvl,Brightness,Weather_Dump,Weather_information_at_Cilia.,millwood,ny,sensor,weather,,,,
measurementTime,Time,Weather_Dump,Weather_information_at_Cilia.,millwood,ny,sensor,weather,,,,
rainin,Rain_Index,Weather_Dump,Weather_information_at_Cilia.,millwood,ny,sensor,weather,,,,
tempf,Temperature,Weather_Dump,Weather_information_at_Cilia.,millwood,ny,sensor,weather,,,,
winddir,Wind,Weather_Dump,Weather_information_at_Cilia.,millwood,ny,sensor,weather,,,,
winddir_avg2m,Wind,Weather_Dump,Weather_information_at_Cilia.,millwood,ny,sensor,weather,,,,
windgustdir,Speed,Weather_Dump,Weather_information_at_Cilia.,millwood,ny,sensor,weather,,,,
windgustdir_10m,Speed,Weather_Dump,Weather_information_at_Cilia.,millwood,ny,sensor,weather,,,,
windgustmph,Speed,Weather_Dump,Weather_information_at_Cilia.,millwood,ny,sensor,weather,,,,
windgustmph_10m,Speed,Weather_Dump,Weather_information_at_Cilia.,millwood,ny,sensor,weather,,,,
windspdmph_avg2m,Speed,Weather_Dump,Weather_information_at_Cilia.,millwood,ny,sensor,weather,,,,
windspeedmph,Speed,Weather_Dump,Weather_information_at_Cilia.,millwood,ny,sensor,weather,,,,
baromin,Pressure,K&K_Weather_Station,WIMP_K&K_Weather_Station,weather,,,,,,,
batt_lvl,Battery_Level,K&K_Weather_Station,WIMP_K&K_Weather_Station,weather,,,,,,,
dailyrainin,Rain_Index,K&K_Weather_Station,WIMP_K&K_Weather_Station,weather,,,,,,,
dewptf,Temperature,K&K_Weather_Station,WIMP_K&K_Weather_Station,weather,,,,,,,
humidity,Humidity,K&K_Weather_Station,WIMP_K&K_Weather_Station,weather,,,,,,,
light_lvl,Brightness,K&K_Weather_Station,WIMP_K&K_Weather_Station,weather,,,,,,,
measurementtime,Time,K&K_Weather_Station,WIMP_K&K_Weather_Station,weather,,,,,,,
rainin,Rain_Index,K&K_Weather_Station,WIMP_K&K_Weather_Station,weather,,,,,,,
tempf,Temperature,K&K_Weather_Station,WIMP_K&K_Weather_Station,weather,,,,,,,
winddir,Wind,K&K_Weather_Station,WIMP_K&K_Weather_Station,weather,,,,,,,
winddir_avg2m,Wind,K&K_Weather_Station,WIMP_K&K_Weather_Station,weather,,,,,,,
windgustdir,Speed,K&K_Weather_Station,WIMP_K&K_Weather_Station,weather,,,,,,,
windgustdir_10m,Speed,K&K_Weather_Station,WIMP_K&K_Weather_Station,weather,,,,,,,
windgustmph,Speed,K&K_Weather_Station,WIMP_K&K_Weather_Station,weather,,,,,,,
windgustmph_10m,Speed,K&K_Weather_Station,WIMP_K&K_Weather_Station,weather,,,,,,,
windspdmph_avg2m,Speed,K&K_Weather_Station,WIMP_K&K_Weather_Station,weather,,,,,,,
windspeedmph,Speed,K&K_Weather_Station,WIMP_K&K_Weather_Station,weather,,,,,,,
temp,Temperature,WineTempBug,First_TemBug,electricimp,imp,signal,temperature,,,,
batterypercent,Battery_Level,Torrey_Pines_Elementary_School_Red_Box_1,Red_box_1_is_a_moveable_waterproof_box_containing_a_Photon_that_is_attached_to_a_soil_moisture_sensor,_a_soil_temperature_sensor_and_an_SI1145_UV,_infrared,_and_visible_light_sensor._The_box_uses_a_LiPo_battery_and_the_SparkFun_battery_shield_and_has_a_waterproof_USB_connector_for_charging_the_battery_as_well_as_a_waterproof_on/off_button.,moisture,soil,temperature,uv,
soilmoistpercent,Humidity,Torrey_Pines_Elementary_School_Red_Box_1,Red_box_1_is_a_moveable_waterproof_box_containing_a_Photon_that_is_attached_to_a_soil_moisture_sensor,_a_soil_temperature_sensor_and_an_SI1145_UV,_infrared,_and_visible_light_sensor._The_box_uses_a_LiPo_battery_and_the_SparkFun_battery_shield_and_has_a_waterproof_USB_connector_for_charging_the_battery_as_well_as_a_waterproof_on/off_button.,moisture,soil,temperature,uv,
soilmoistvalue,Humidity,Torrey_Pines_Elementary_School_Red_Box_1,Red_box_1_is_a_moveable_waterproof_box_containing_a_Photon_that_is_attached_to_a_soil_moisture_sensor,_a_soil_temperature_sensor_and_an_SI1145_UV,_infrared,_and_visible_light_sensor._The_box_uses_a_LiPo_battery_and_the_SparkFun_battery_shield_and_has_a_waterproof_USB_connector_for_charging_the_battery_as_well_as_a_waterproof_on/off_button.,moisture,soil,temperature,uv,
stempc,Temperature,Torrey_Pines_Elementary_School_Red_Box_1,Red_box_1_is_a_moveable_waterproof_box_containing_a_Photon_that_is_attached_to_a_soil_moisture_sensor,_a_soil_temperature_sensor_and_an_SI1145_UV,_infrared,_and_visible_light_sensor._The_box_uses_a_LiPo_battery_and_the_SparkFun_battery_shield_and_has_a_waterproof_USB_connector_for_charging_the_battery_as_well_as_a_waterproof_on/off_button.,moisture,soil,temperature,uv,
stempf,Temperature,Torrey_Pines_Elementary_School_Red_Box_1,Red_box_1_is_a_moveable_waterproof_box_containing_a_Photon_that_is_attached_to_a_soil_moisture_sensor,_a_soil_temperature_sensor_and_an_SI1145_UV,_infrared,_and_visible_light_sensor._The_box_uses_a_LiPo_battery_and_the_SparkFun_battery_shield_and_has_a_waterproof_USB_connector_for_charging_the_battery_as_well_as_a_waterproof_on/off_button.,moisture,soil,temperature,uv,
uvindex,UV,Torrey_Pines_Elementary_School_Red_Box_1,Red_box_1_is_a_moveable_waterproof_box_containing_a_Photon_that_is_attached_to_a_soil_moisture_sensor,_a_soil_temperature_sensor_and_an_SI1145_UV,_infrared,_and_visible_light_sensor._The_box_uses_a_LiPo_battery_and_the_SparkFun_battery_shield_and_has_a_waterproof_USB_connector_for_charging_the_battery_as_well_as_a_waterproof_on/off_button.,moisture,soil,temperature,uv,
settemperature,Temperature,Sous_Vide,Sous_Vide_PID_temperature_controller,,,,,,,,
temperature,Temperature,Sous_Vide,Sous_Vide_PID_temperature_controller,,,,,,,,
humidity,Humidity,Tempel_Weather,temperature_and_humidity_data_from_the_photon,,,,,,,,
tempf,Temperature,Tempel_Weather,temperature_and_humidity_data_from_the_photon,,,,,,,,
hidx,Heat_Index,Node_WiFi_Weather_DHT11,Nodemcu_esp8266_dht11,,,,,,,,
hidx2,Heat_Index,Node_WiFi_Weather_DHT11,Nodemcu_esp8266_dht11,,,,,,,,
hum,Humidity,Node_WiFi_Weather_DHT11,Nodemcu_esp8266_dht11,,,,,,,,
hum2,Humidity,Node_WiFi_Weather_DHT11,Nodemcu_esp8266_dht11,,,,,,,,
temp,Temperature,Node_WiFi_Weather_DHT11,Nodemcu_esp8266_dht11,,,,,,,,
temp2,Temperature,Node_WiFi_Weather_DHT11,Nodemcu_esp8266_dht11,,,,,,,,
time,Time,Char_Lab1,Nitrogen_monitor,,,,,,,,
humidity,Humidity,WMP11_temperature_+_humidity,ESP8266_AM2302,humidity,temp,,,,,,
temp,Temperature,WMP11_temperature_+_humidity,ESP8266_AM2302,humidity,temp,,,,,,
millis,Time,ESP8266_monitors,ESP8266_monitors_streaming_temperature_information,dht11,ds18b20,esp8266,temperature,,,,
temp,Temperature,ESP8266_monitors,ESP8266_monitors_streaming_temperature_information,dht11,ds18b20,esp8266,temperature,,,,
hidx1,Heat_Index,UAM_-_AZC_/_Hornos_1_+_2,Monitoreo_de_condiciones_de_los_experimentos,dht22,,,,,,,
hidx2,Heat_Index,UAM_-_AZC_/_Hornos_1_+_2,Monitoreo_de_condiciones_de_los_experimentos,dht22,,,,,,,
hum1,Humidity,UAM_-_AZC_/_Hornos_1_+_2,Monitoreo_de_condiciones_de_los_experimentos,dht22,,,,,,,
hum2,Humidity,UAM_-_AZC_/_Hornos_1_+_2,Monitoreo_de_condiciones_de_los_experimentos,dht22,,,,,,,
temp1,Temperature,UAM_-_AZC_/_Hornos_1_+_2,Monitoreo_de_condiciones_de_los_experimentos,dht22,,,,,,,
temp2,Temperature,UAM_-_AZC_/_Hornos_1_+_2,Monitoreo_de_condiciones_de_los_experimentos,dht22,,,,,,,
time,Time,30_Sensors_logging,PPJ_testing,,,,,,,,
humidity,Humidity,LightSensor,Light_sensor_basic_setup,light,,,,,,,
light,Brightness,LightSensor,Light_sensor_basic_setup,light,,,,,,,
temperature,Temperature,LightSensor,Light_sensor_basic_setup,light,,,,,,,
temp,Temperature,Incubator_1,Temperature_sensos_-_PT100_A/D_-_ADS1247,incubator,,,,,,,
gas,Gas_Level,Balancer-Home-Gas-MQ-2,MQ-2_Gas_sensor_level,gas,,,,,,,
motion,Motion,Pickem_Motion_Sensor,Motion_sensor_trial_living_room,,,,,,,,
time,Time,Pickem_Motion_Sensor,Motion_sensor_trial_living_room,,,,,,,,
ch01,Energy,Home_Energy_Monitor_at_140_Ly_Thai_To_Hoi_An_Viet_Nam,A_Energy_usage_at_140_Ly_Thai_To_Hoi_An_use_Arduno_and_Esp8266,hoian,iot,solarpower,weather,,,,
ch02,Energy,Home_Energy_Monitor_at_140_Ly_Thai_To_Hoi_An_Viet_Nam,A_Energy_usage_at_140_Ly_Thai_To_Hoi_An_use_Arduno_and_Esp8266,hoian,iot,solarpower,weather,,,,
ch03,Energy,Home_Energy_Monitor_at_140_Ly_Thai_To_Hoi_An_Viet_Nam,A_Energy_usage_at_140_Ly_Thai_To_Hoi_An_use_Arduno_and_Esp8266,hoian,iot,solarpower,weather,,,,
ch04,Energy,Home_Energy_Monitor_at_140_Ly_Thai_To_Hoi_An_Viet_Nam,A_Energy_usage_at_140_Ly_Thai_To_Hoi_An_use_Arduno_and_Esp8266,hoian,iot,solarpower,weather,,,,
ch05,Energy,Home_Energy_Monitor_at_140_Ly_Thai_To_Hoi_An_Viet_Nam,A_Energy_usage_at_140_Ly_Thai_To_Hoi_An_use_Arduno_and_Esp8266,hoian,iot,solarpower,weather,,,,
ch06,Energy,Home_Energy_Monitor_at_140_Ly_Thai_To_Hoi_An_Viet_Nam,A_Energy_usage_at_140_Ly_Thai_To_Hoi_An_use_Arduno_and_Esp8266,hoian,iot,solarpower,weather,,,,
ch07,Energy,Home_Energy_Monitor_at_140_Ly_Thai_To_Hoi_An_Viet_Nam,A_Energy_usage_at_140_Ly_Thai_To_Hoi_An_use_Arduno_and_Esp8266,hoian,iot,solarpower,weather,,,,
ch08,Energy,Home_Energy_Monitor_at_140_Ly_Thai_To_Hoi_An_Viet_Nam,A_Energy_usage_at_140_Ly_Thai_To_Hoi_An_use_Arduno_and_Esp8266,hoian,iot,solarpower,weather,,,,
ch09,Energy,Home_Energy_Monitor_at_140_Ly_Thai_To_Hoi_An_Viet_Nam,A_Energy_usage_at_140_Ly_Thai_To_Hoi_An_use_Arduno_and_Esp8266,hoian,iot,solarpower,weather,,,,
ch10,Energy,Home_Energy_Monitor_at_140_Ly_Thai_To_Hoi_An_Viet_Nam,A_Energy_usage_at_140_Ly_Thai_To_Hoi_An_use_Arduno_and_Esp8266,hoian,iot,solarpower,weather,,,,
hidx,Heat_Index,Pokoj,Radek_Pokoj,teplota,,,,,,,
hum,Humidity,Pokoj,Radek_Pokoj,teplota,,,,,,,
temp,Temperature,Pokoj,Radek_Pokoj,teplota,,,,,,,
MaxTemp,Temperature,The_Big_Freeze,Arduino_based_TI102_temperature_sensor_monitor_and_display.__Sensor_is_waterproofed_and__embedded_in_a_freezer.__Degrees_in_Fahrenheit._See_the_trend:_http://bit.ly/1XxiO6C,maxtemp,temp,,,,,,
MinTemp,Temperature,The_Big_Freeze,Arduino_based_TI102_temperature_sensor_monitor_and_display.__Sensor_is_waterproofed_and__embedded_in_a_freezer.__Degrees_in_Fahrenheit._See_the_trend:_http://bit.ly/1XxiO6C,maxtemp,temp,,,,,,
Temp,Temperature,The_Big_Freeze,Arduino_based_TI102_temperature_sensor_monitor_and_display.__Sensor_is_waterproofed_and__embedded_in_a_freezer.__Degrees_in_Fahrenheit._See_the_trend:_http://bit.ly/1XxiO6C,maxtemp,temp,,,,,,
temp1,Temperature,test-wm1_(0x1c23),WM_#1_(sensor_0x1c23),,,,,,,,
temp2,Temperature,test-wm1_(0x1c23),WM_#1_(sensor_0x1c23),,,,,,,,
temp1,Temperature,Office_Temp,Temperature_at_my_desk,,,,,,,,
Temperature ,Temperature,Home_-_Outdoor_Temp,Temperature_readings_from_Arduino_1-Wire_network.,Arduino,1-Wire,,,,,,
Degrees Fahrenheit,Temperature,Attic,Left_Side_Attic_Temp.,,,,,,,,
Degrees Fahrenheit,Temperature,Outside,,,,,,,,,
Degrees Fahrenheit,Temperature,Basement,Server_Closet_Temp,,,,,,,,
LUX,Brightness,LDR_LUX__Miklos,Teste_com_arduino_ethernet_shield_e_LDR,,,,,,,,
Dollar amount of refund,Price,IRS_Refund_TEST_CHANNEL,Please_enter_your_IRS_refund.,,,,,,,,
Waterbed temp,Temperature,Water_Bed,Master_Bedroom_Water_Bed,water_bed_temperature_controller,,,,,,,
Bedroom temp,Temperature,Water_Bed,Master_Bedroom_Water_Bed,water_bed_temperature_controller,,,,,,,
Dollar Amount,Price,IRS_Refund_Status_Test,Please_enter_your_IRS_refund_below.,,,,,,,,
gas,Gas_Level,Consumption,Light_sensor_attached_to_the_electricity,_gas_and_water_meters.,consumption,electricity,gas,meter,water,,
power,Power,Consumption,Light_sensor_attached_to_the_electricity,_gas_and_water_meters.,consumption,electricity,gas,meter,water,,
baromin,Pressure,MAN_Weatherstation,MAN_Weather_Station_dtat_stream,_from_WIMP_weatherstation_project,nz,weatherstation,,,,,
batt_lvl,Battery_Level,MAN_Weatherstation,MAN_Weather_Station_dtat_stream,_from_WIMP_weatherstation_project,nz,weatherstation,,,,,
dailyrainin,Rain_Index,MAN_Weatherstation,MAN_Weather_Station_dtat_stream,_from_WIMP_weatherstation_project,nz,weatherstation,,,,,
dewptf,Temperature,MAN_Weatherstation,MAN_Weather_Station_dtat_stream,_from_WIMP_weatherstation_project,nz,weatherstation,,,,,
humidity,Humidity,MAN_Weatherstation,MAN_Weather_Station_dtat_stream,_from_WIMP_weatherstation_project,nz,weatherstation,,,,,
light_lvl,Brightness,MAN_Weatherstation,MAN_Weather_Station_dtat_stream,_from_WIMP_weatherstation_project,nz,weatherstation,,,,,
measurementtime,Time,MAN_Weatherstation,MAN_Weather_Station_dtat_stream,_from_WIMP_weatherstation_project,nz,weatherstation,,,,,
rainin,Rain_Index,MAN_Weatherstation,MAN_Weather_Station_dtat_stream,_from_WIMP_weatherstation_project,nz,weatherstation,,,,,
solarradiation,Brightness,MAN_Weatherstation,MAN_Weather_Station_dtat_stream,_from_WIMP_weatherstation_project,nz,weatherstation,,,,,
tempf,Temperature,MAN_Weatherstation,MAN_Weather_Station_dtat_stream,_from_WIMP_weatherstation_project,nz,weatherstation,,,,,
winddir,Wind,MAN_Weatherstation,MAN_Weather_Station_dtat_stream,_from_WIMP_weatherstation_project,nz,weatherstation,,,,,
winddir_avg2m,Wind,MAN_Weatherstation,MAN_Weather_Station_dtat_stream,_from_WIMP_weatherstation_project,nz,weatherstation,,,,,
windgustdir,Speed,MAN_Weatherstation,MAN_Weather_Station_dtat_stream,_from_WIMP_weatherstation_project,nz,weatherstation,,,,,
windgustdir_10m,Speed,MAN_Weatherstation,MAN_Weather_Station_dtat_stream,_from_WIMP_weatherstation_project,nz,weatherstation,,,,,
windgustmph,Speed,MAN_Weatherstation,MAN_Weather_Station_dtat_stream,_from_WIMP_weatherstation_project,nz,weatherstation,,,,,
windgustmph_10m,Speed,MAN_Weatherstation,MAN_Weather_Station_dtat_stream,_from_WIMP_weatherstation_project,nz,weatherstation,,,,,
windspdmph_avg2m,Speed,MAN_Weatherstation,MAN_Weather_Station_dtat_stream,_from_WIMP_weatherstation_project,nz,weatherstation,,,,,
windspeedmph,Speed,MAN_Weatherstation,MAN_Weather_Station_dtat_stream,_from_WIMP_weatherstation_project,nz,weatherstation,,,,,
temperature1,Temperature,Temperature_Sensors,A_couple_of_DS1820_sensors_connected_togheter,temperature,,,,,,,
temperature2,Temperature,Temperature_Sensors,A_couple_of_DS1820_sensors_connected_togheter,temperature,,,,,,,
temperature3,Temperature,Temperature_Sensors,A_couple_of_DS1820_sensors_connected_togheter,temperature,,,,,,,
temperature4,Temperature,Temperature_Sensors,A_couple_of_DS1820_sensors_connected_togheter,temperature,,,,,,,
temperature5,Temperature,Temperature_Sensors,A_couple_of_DS1820_sensors_connected_togheter,temperature,,,,,,,
temperature6,Temperature,Temperature_Sensors,A_couple_of_DS1820_sensors_connected_togheter,temperature,,,,,,,
humidity,Humidity,heatcraft_temp/humidity,test_run_of_cellular_shield,heatcraft,humidity,temperature,,,,,
temperature,Temperature,heatcraft_temp/humidity,test_run_of_cellular_shield,heatcraft,humidity,temperature,,,,,
humidity,Humidity,TV_Room,ESP8266_with_DHT22,,,,,,,,
temp,Temperature,TV_Room,ESP8266_with_DHT22,,,,,,,,
time,Time,Woolston_Fluxgate_Magnetometer,FGM-3h,,,,,,,,
baromin,Pressure,Antigonish_Weather,Wimp_Weather_Station_located_in_Nova_Scotia,_Canada,antigonish,weather,,,,,
batt_lvl,Battery_Level,Antigonish_Weather,Wimp_Weather_Station_located_in_Nova_Scotia,_Canada,antigonish,weather,,,,,
dailyrainin,Rain_Index,Antigonish_Weather,Wimp_Weather_Station_located_in_Nova_Scotia,_Canada,antigonish,weather,,,,,
dewptf,Temperature,Antigonish_Weather,Wimp_Weather_Station_located_in_Nova_Scotia,_Canada,antigonish,weather,,,,,
humidity,Humidity,Antigonish_Weather,Wimp_Weather_Station_located_in_Nova_Scotia,_Canada,antigonish,weather,,,,,
light_lvl,Brightness,Antigonish_Weather,Wimp_Weather_Station_located_in_Nova_Scotia,_Canada,antigonish,weather,,,,,
measurementtime,Time,Antigonish_Weather,Wimp_Weather_Station_located_in_Nova_Scotia,_Canada,antigonish,weather,,,,,
rainin,Rain_Index,Antigonish_Weather,Wimp_Weather_Station_located_in_Nova_Scotia,_Canada,antigonish,weather,,,,,
tempf,Temperature,Antigonish_Weather,Wimp_Weather_Station_located_in_Nova_Scotia,_Canada,antigonish,weather,,,,,
winddir,Wind,Antigonish_Weather,Wimp_Weather_Station_located_in_Nova_Scotia,_Canada,antigonish,weather,,,,,
winddir_avg2m,Wind,Antigonish_Weather,Wimp_Weather_Station_located_in_Nova_Scotia,_Canada,antigonish,weather,,,,,
windgustdir,Speed,Antigonish_Weather,Wimp_Weather_Station_located_in_Nova_Scotia,_Canada,antigonish,weather,,,,,
windgustdir_10m,Speed,Antigonish_Weather,Wimp_Weather_Station_located_in_Nova_Scotia,_Canada,antigonish,weather,,,,,
windgustmph,Speed,Antigonish_Weather,Wimp_Weather_Station_located_in_Nova_Scotia,_Canada,antigonish,weather,,,,,
windgustmph_10m,Speed,Antigonish_Weather,Wimp_Weather_Station_located_in_Nova_Scotia,_Canada,antigonish,weather,,,,,
windspdmph_avg2m,Speed,Antigonish_Weather,Wimp_Weather_Station_located_in_Nova_Scotia,_Canada,antigonish,weather,,,,,
windspeedmph,Speed,Antigonish_Weather,Wimp_Weather_Station_located_in_Nova_Scotia,_Canada,antigonish,weather,,,,,
time,Time,Omega_Pings,Capturing_pings_from_an_Onion_Omega_to_determine_a_reasonable_range_to_monitor,ping,,,,,,,
t1,Temperature,Grijanje,Mikele,,,,,,,,
t2,Temperature,Grijanje,Mikele,,,,,,,,
t3,Temperature,Grijanje,Mikele,,,,,,,,
t4,Temperature,Grijanje,Mikele,,,,,,,,
t5,Temperature,Grijanje,Mikele,,,,,,,,
t6,Temperature,Grijanje,Mikele,,,,,,,,
tr,Temperature,Grijanje,Mikele,,,,,,,,
tv,Temperature,Grijanje,Mikele,,,,,,,,
baromin,Pressure,Wanniassa_[Admiral]_weather,A_weather_station_in_Wanniassa,_ACT,_Australia,weather,,,,,
batt_lvl,Battery_Level,Wanniassa_[Admiral]_weather,A_weather_station_in_Wanniassa,_ACT,_Australia,weather,,,,,
dailyrainin,Rain_Index,Wanniassa_[Admiral]_weather,A_weather_station_in_Wanniassa,_ACT,_Australia,weather,,,,,
dewptf,Temperature,Wanniassa_[Admiral]_weather,A_weather_station_in_Wanniassa,_ACT,_Australia,weather,,,,,
humidity,Humidity,Wanniassa_[Admiral]_weather,A_weather_station_in_Wanniassa,_ACT,_Australia,weather,,,,,
light_lvl,Brightness,Wanniassa_[Admiral]_weather,A_weather_station_in_Wanniassa,_ACT,_Australia,weather,,,,,
measurementtime,Time,Wanniassa_[Admiral]_weather,A_weather_station_in_Wanniassa,_ACT,_Australia,weather,,,,,
rainin,Rain_Index,Wanniassa_[Admiral]_weather,A_weather_station_in_Wanniassa,_ACT,_Australia,weather,,,,,
tempf,Temperature,Wanniassa_[Admiral]_weather,A_weather_station_in_Wanniassa,_ACT,_Australia,weather,,,,,
winddir,Wind,Wanniassa_[Admiral]_weather,A_weather_station_in_Wanniassa,_ACT,_Australia,weather,,,,,
winddir_avg2m,Wind,Wanniassa_[Admiral]_weather,A_weather_station_in_Wanniassa,_ACT,_Australia,weather,,,,,
windgustdir,Speed,Wanniassa_[Admiral]_weather,A_weather_station_in_Wanniassa,_ACT,_Australia,weather,,,,,
windgustdir_10m,Speed,Wanniassa_[Admiral]_weather,A_weather_station_in_Wanniassa,_ACT,_Australia,weather,,,,,
windgustmph,Speed,Wanniassa_[Admiral]_weather,A_weather_station_in_Wanniassa,_ACT,_Australia,weather,,,,,
windgustmph_10m,Speed,Wanniassa_[Admiral]_weather,A_weather_station_in_Wanniassa,_ACT,_Australia,weather,,,,,
windspdmph_avg2m,Speed,Wanniassa_[Admiral]_weather,A_weather_station_in_Wanniassa,_ACT,_Australia,weather,,,,,
windspeedmph,Speed,Wanniassa_[Admiral]_weather,A_weather_station_in_Wanniassa,_ACT,_Australia,weather,,,,,
temp0,Temperature,Tank_temperatures,5_Dallas_DS18B20_ic's_measuring_the_temperature_of_my_hot_water_cylinder._Placed_equally_from_top_to_bottom._0_at_bottom,_4_at_top._Heated_by_gas_boiler_twice_a_day_and_also_through_solar_panels_if_the_weather_is_good_enough!__##Testing_at_the_moment##,tank,temperature,water,,,,
temp1,Temperature,Tank_temperatures,5_Dallas_DS18B20_ic's_measuring_the_temperature_of_my_hot_water_cylinder._Placed_equally_from_top_to_bottom._0_at_bottom,_4_at_top._Heated_by_gas_boiler_twice_a_day_and_also_through_solar_panels_if_the_weather_is_good_enough!__##Testing_at_the_moment##,tank,temperature,water,,,,
temp2,Temperature,Tank_temperatures,5_Dallas_DS18B20_ic's_measuring_the_temperature_of_my_hot_water_cylinder._Placed_equally_from_top_to_bottom._0_at_bottom,_4_at_top._Heated_by_gas_boiler_twice_a_day_and_also_through_solar_panels_if_the_weather_is_good_enough!__##Testing_at_the_moment##,tank,temperature,water,,,,
temp3,Temperature,Tank_temperatures,5_Dallas_DS18B20_ic's_measuring_the_temperature_of_my_hot_water_cylinder._Placed_equally_from_top_to_bottom._0_at_bottom,_4_at_top._Heated_by_gas_boiler_twice_a_day_and_also_through_solar_panels_if_the_weather_is_good_enough!__##Testing_at_the_moment##,tank,temperature,water,,,,
temp4,Temperature,Tank_temperatures,5_Dallas_DS18B20_ic's_measuring_the_temperature_of_my_hot_water_cylinder._Placed_equally_from_top_to_bottom._0_at_bottom,_4_at_top._Heated_by_gas_boiler_twice_a_day_and_also_through_solar_panels_if_the_weather_is_good_enough!__##Testing_at_the_moment##,tank,temperature,water,,,,
humidity,Humidity,Laundry_Room_Climate,A_DHT11,_and_photo_resistor_on_an_ESP-8266_located_on_the_first_floor_in_the_laundry_room.,climate,,,,,,
light,Brightness,Laundry_Room_Climate,A_DHT11,_and_photo_resistor_on_an_ESP-8266_located_on_the_first_floor_in_the_laundry_room.,climate,,,,,,
temperature,Temperature,Laundry_Room_Climate,A_DHT11,_and_photo_resistor_on_an_ESP-8266_located_on_the_first_floor_in_the_laundry_room.,climate,,,,,,
colortemp,Temperature,NightLight,Smart_LED_stripe_controller_See_https://github.com/smartynov/iotfun/tree/master/nodemcu/nightlight_for_details,home,iot,led,light,sensor,smart,,
illuminance,Brightness,NightLight,Smart_LED_stripe_controller_See_https://github.com/smartynov/iotfun/tree/master/nodemcu/nightlight_for_details,home,iot,led,light,sensor,smart,,
lastmotion,Motion,NightLight,Smart_LED_stripe_controller_See_https://github.com/smartynov/iotfun/tree/master/nodemcu/nightlight_for_details,home,iot,led,light,sensor,smart,,
maxpower,Power,NightLight,Smart_LED_stripe_controller_See_https://github.com/smartynov/iotfun/tree/master/nodemcu/nightlight_for_details,home,iot,led,light,sensor,smart,,
temperature,Temperature,NightLight,Smart_LED_stripe_controller_See_https://github.com/smartynov/iotfun/tree/master/nodemcu/nightlight_for_details,home,iot,led,light,sensor,smart,,
Humidity percentage,Humidity,Tampere_Weather,Weather_at_east_part_of_Tampere,,,,,,,,
Pressure in hPa,Pressure,Tampere_Weather,Weather_at_east_part_of_Tampere,,,,,,,,
Temperature in Celcius,Temperature,Tampere_Weather,Weather_at_east_part_of_Tampere,,,,,,,,
Light (0-1024),Brightness,Tampere_Weather,Weather_at_east_part_of_Tampere,,,,,,,,
Light_Level,Brightness,Light,_Temperature,_Voltage,Light,_Temperature_of_my_private_office_+_the_voltage_of_the_battery_powering_up_my_arduino_that_feeds_the_data_via_the_ethernet_shield,,,,,
Voltage,Voltage,Light,_Temperature,_Voltage,Light,_Temperature_of_my_private_office_+_the_voltage_of_the_battery_powering_up_my_arduino_that_feeds_the_data_via_the_ethernet_shield,,,,,
Temperature,Temperature,Light,_Temperature,_Voltage,Light,_Temperature_of_my_private_office_+_the_voltage_of_the_battery_powering_up_my_arduino_that_feeds_the_data_via_the_ethernet_shield,,,,,
Ah,Current,Light,_Temperature,_Voltage,Light,_Temperature_of_my_private_office_+_the_voltage_of_the_battery_powering_up_my_arduino_that_feeds_the_data_via_the_ethernet_shield,,,,,
Wh,Power,Light,_Temperature,_Voltage,Light,_Temperature_of_my_private_office_+_the_voltage_of_the_battery_powering_up_my_arduino_that_feeds_the_data_via_the_ethernet_shield,,,,,
Battery,Battery_Level,Light,_Temperature,_Voltage,Light,_Temperature_of_my_private_office_+_the_voltage_of_the_battery_powering_up_my_arduino_that_feeds_the_data_via_the_ethernet_shield,,,,,
Ampere,Current,Light,_Temperature,_Voltage,Light,_Temperature_of_my_private_office_+_the_voltage_of_the_battery_powering_up_my_arduino_that_feeds_the_data_via_the_ethernet_shield,,,,,
Colour 8,Colour,Studio_Colours,The_colours_in_my_studio,colour_color,,,,,,,
Colour 2,Colour,Studio_Colours,The_colours_in_my_studio,colour_color,,,,,,,
Colour 3,Colour,Studio_Colours,The_colours_in_my_studio,colour_color,,,,,,,
Colour 1,Colour,Studio_Colours,The_colours_in_my_studio,colour_color,,,,,,,
Colour 6,Colour,Studio_Colours,The_colours_in_my_studio,colour_color,,,,,,,
Colour 7,Colour,Studio_Colours,The_colours_in_my_studio,colour_color,,,,,,,
Colour 5,Colour,Studio_Colours,The_colours_in_my_studio,colour_color,,,,,,,
Colour 4,Colour,Studio_Colours,The_colours_in_my_studio,colour_color,,,,,,,
KDB Temp (F),Temperature,Data_Graphs,,,,,,,,,
KD Temp (F),Temperature,Data_Graphs,,,,,,,,,
MD Temp (F),Temperature,Data_Graphs,,,,,,,,,
KA Temp (F),Temperature,Data_Graphs,,,,,,,,,
LW Temp (F),Temperature,Data_Graphs,,,,,,,,,
KTB Temp (F),Temperature,Data_Graphs,,,,,,,,,
PRD Temp (F),Temperature,Data_Graphs,,,,,,,,,
DD Temp (F),Temperature,Data_Graphs,,,,,,,,,
Radiation uSv,Radiation,San_Diego_Geiger_Counter_/_Background_Radiation_Monitor,The_Geiger_Counter_updates_every_few_minutes_with_counts-per-minute_(CPM)_and_microsieverts.__This_is_an_Unofficial/Non-Government_feed_and_may_go_offline_occasionally_for_maintenance._More_details:__http://ibtek.wordpress.com/,Arduino,Geiger_Counter,SBM-20,Ehtershield,,,,
Radiation Clicks-Per-Minute,Radiation,San_Diego_Geiger_Counter_/_Background_Radiation_Monitor,The_Geiger_Counter_updates_every_few_minutes_with_counts-per-minute_(CPM)_and_microsieverts.__This_is_an_Unofficial/Non-Government_feed_and_may_go_offline_occasionally_for_maintenance._More_details:__http://ibtek.wordpress.com/,Arduino,Geiger_Counter,SBM-20,Ehtershield,,,,
Temperature,Temperature,Raspberry_Pi_Monitor,Monitor_the_performance_of_a_Raspberry_Pi,raspberry_pi_raspberrypi_monitor_status,,,,,,,
Free pendrive FS (MB),Memory,Raspberry_Pi_Monitor,Monitor_the_performance_of_a_Raspberry_Pi,raspberry_pi_raspberrypi_monitor_status,,,,,,,
Free root FS (MB),Memory,Raspberry_Pi_Monitor,Monitor_the_performance_of_a_Raspberry_Pi,raspberry_pi_raspberrypi_monitor_status,,,,,,,
Free RAM (MB),Memory,Raspberry_Pi_Monitor,Monitor_the_performance_of_a_Raspberry_Pi,raspberry_pi_raspberrypi_monitor_status,,,,,,,
Temp.[C],Temperature,Crayfish_Aquarium,Information_of_crayfish_aquarium._water_temperature._CDS_Level._State_of_the_Cooling_system(Peltier)._Cooling_system_to_operate_the_water_temperature_reaches_28_degrees_or_more,Arduino,Thermo_module,Peltier,103AT,,,,
Room Temperature,Temperature,TeraHz's_40_breeder_reef,Stats_from_my_Hydra_Controller_http://www.hydra-reef.com/wiki/ThingSpeak,,,,,,,,
DT Temperature,Temperature,TeraHz's_40_breeder_reef,Stats_from_my_Hydra_Controller_http://www.hydra-reef.com/wiki/ThingSpeak,,,,,,,,
Ph,PH,TeraHz's_40_breeder_reef,Stats_from_my_Hydra_Controller_http://www.hydra-reef.com/wiki/ThingSpeak,,,,,,,,
LED Temperature,Temperature,TeraHz's_40_breeder_reef,Stats_from_my_Hydra_Controller_http://www.hydra-reef.com/wiki/ThingSpeak,,,,,,,,
MDF Temperature,Temperature,TeraHz's_40_breeder_reef,Stats_from_my_Hydra_Controller_http://www.hydra-reef.com/wiki/ThingSpeak,,,,,,,,
Temperature (C),Temperature,Garden_Sensors,Active_data_from_various_sensors_in_my_garden.,,,,,,,,
Light Frequency,Brightness,Garden_Sensors,Active_data_from_various_sensors_in_my_garden.,,,,,,,,
Temperature (F),Temperature,Garden_Sensors,Active_data_from_various_sensors_in_my_garden.,,,,,,,,
Irradiance,Brightness,Garden_Sensors,Active_data_from_various_sensors_in_my_garden.,,,,,,,,
Lux,Brightness,Garden_Sensors,Active_data_from_various_sensors_in_my_garden.,,,,,,,,
hum,Humidity,Tape_Room,DHT22_@_tape_room,,,,,,,,
temp,Temperature,Tape_Room,DHT22_@_tape_room,,,,,,,,
a_phase_current,Current,RN6LJK,Monitoring_Office_supply,,,,,,,,
a_phase_voltage,Voltage,RN6LJK,Monitoring_Office_supply,,,,,,,,
b_phase_current,Current,RN6LJK,Monitoring_Office_supply,,,,,,,,
b_phase_voltage,Voltage,RN6LJK,Monitoring_Office_supply,,,,,,,,
c_phase_current,Current,RN6LJK,Monitoring_Office_supply,,,,,,,,
c_phase_voltage,Voltage,RN6LJK,Monitoring_Office_supply,,,,,,,,
humidity,Humidity,Christchurch_Weather_Station,Weather_station_located_in_Christchurch,_New_Zealand,christchurch,weather,,,,,
pressure,Pressure,Christchurch_Weather_Station,Weather_station_located_in_Christchurch,_New_Zealand,christchurch,weather,,,,,
