"1","humidity","Humidity",NULL,"ZGRYdQ5Vo2T3XLAjvrMX","Test"
"2","tempf","Temperature",NULL,"ZGRYdQ5Vo2T3XLAjvrMX","Test"
"4","temp","Temperature",NULL,"5JyRND3MdOFlg7YzQN0z","Test"
"8","air","Dust_Level",NULL,"9JNaMxA0ANup6gbRRNx6","Training"
"11","location","Geolocalization",NULL,"aGOYD75Q5LH4EyroXWjr","Training"
"15","light","Brightness",NULL,"6JQNmrXAKOsNba3ApDG1","Test"
"20","batt_lvl","Battery_Level",NULL,"3J5N295bl3FnKjLDgZMj","Training"
"21","dailyrainin","Rain_Index",NULL,"3J5N295bl3FnKjLDgZMj","Training"
"23","humidity","Humidity",NULL,"3J5N295bl3FnKjLDgZMj","Test"
"24","light_lvl","Brightness",NULL,"3J5N295bl3FnKjLDgZMj","Training"
"25","rainin","Rain_Index",NULL,"3J5N295bl3FnKjLDgZMj","Test"
"26","tempf","Temperature",NULL,"3J5N295bl3FnKjLDgZMj","Training"
"27","timestamp","Time",NULL,"3J5N295bl3FnKjLDgZMj","Test"
"30","windgustdir","Wind_Direction",NULL,"3J5N295bl3FnKjLDgZMj","Training"
"35","windspeedmph","Wind_Speed",NULL,"3J5N295bl3FnKjLDgZMj","Training"
"37","temperature","Temperature",NULL,"ZGaA9OOZG8svl4DgyGy4","Test"
"38","baromin","Pressure",NULL,"G2OWLzgJwLfqAvJoyaMM","Test"
"39","batt_lvl","Battery_Level",NULL,"G2OWLzgJwLfqAvJoyaMM","Test"
"40","dailyrainin","Rain_Index",NULL,"G2OWLzgJwLfqAvJoyaMM","Training"
"41","dewptf","Dewpoint",NULL,"G2OWLzgJwLfqAvJoyaMM","Test"
"42","humidity","Humidity",NULL,"G2OWLzgJwLfqAvJoyaMM","Test"
"43","light_lvl","Brightness",NULL,"G2OWLzgJwLfqAvJoyaMM","Test"
"44","measurementtime","Time",NULL,"G2OWLzgJwLfqAvJoyaMM","Test"
"45","rainin","Rain_Index",NULL,"G2OWLzgJwLfqAvJoyaMM","Test"
"46","tempf","Temperature",NULL,"G2OWLzgJwLfqAvJoyaMM","Test"
"47","winddir","Wind_Direction",NULL,"G2OWLzgJwLfqAvJoyaMM","Test"
"48","winddir_avg2m","Wind_Direction",NULL,"G2OWLzgJwLfqAvJoyaMM","Test"
"49","windgustdir","Wind_Direction",NULL,"G2OWLzgJwLfqAvJoyaMM","Test"
"50","windgustdir_10m","Wind_Direction",NULL,"G2OWLzgJwLfqAvJoyaMM","Test"
"51","windgustmph","Wind_Speed",NULL,"G2OWLzgJwLfqAvJoyaMM","Test"
"52","windgustmph_10m","Wind_Speed",NULL,"G2OWLzgJwLfqAvJoyaMM","Test"
"53","windspdmph_avg2m","Wind_Speed",NULL,"G2OWLzgJwLfqAvJoyaMM","Test"
"54","windspeedmph","Wind_Speed",NULL,"G2OWLzgJwLfqAvJoyaMM","Test"
"55","co2_ppm","Gas_Level",NULL,"dZa4J4oAMgFq73WAA0M0","Training"
"56","humidity_perc","Humidity",NULL,"dZa4J4oAMgFq73WAA0M0","Test"
"57","temperature_cent","Temperature",NULL,"dZa4J4oAMgFq73WAA0M0","Training"
"58","hidx","Heat_Index",NULL,"xRvl68WQ8MUMY6plbARg","Test"
"59","hum","Humidity",NULL,"xRvl68WQ8MUMY6plbARg","Test"
"60","temp","Temperature",NULL,"xRvl68WQ8MUMY6plbARg","Test"
"61","light","Brightness",NULL,"bGxlrmOmdDCm2X1R2361","Test"
"63","volt","Voltage",NULL,"bGxlrmOmdDCm2X1R2361","Test"
"64","humidity","Humidity",NULL,"JxJbAr15rdS5JZZ9yLbw","Test"
"67","tempf","Temperature",NULL,"LQobLnE3pjfrRwjOqnv8","Test"
"75","time","Time",NULL,"0loKJmqvw6u5Omb1nOW1","Training"
"77","outdoortemp","Temperature",NULL,"4Jr1NG5a80t7X06yqKmO","Training"
"78","hidx","Heat_Index",NULL,"lz5nEGvz9LHmlERO8qz6","Training"
"79","hum","Humidity",NULL,"lz5nEGvz9LHmlERO8qz6","Test"
"80","temp","Temperature",NULL,"lz5nEGvz9LHmlERO8qz6","Test"
"81","baromin","Pressure",NULL,"n1Xmr0r2m0HzEADLdZvw","Test"
"82","batt_lvl","Battery_Level",NULL,"n1Xmr0r2m0HzEADLdZvw","Test"
"83","dailyrainin","Rain_Index",NULL,"n1Xmr0r2m0HzEADLdZvw","Test"
"84","dewptf","Dewpoint",NULL,"n1Xmr0r2m0HzEADLdZvw","Test"
"85","humidity","Humidity",NULL,"n1Xmr0r2m0HzEADLdZvw","Test"
"86","light_lvl","Brightness",NULL,"n1Xmr0r2m0HzEADLdZvw","Test"
"87","measurementtime","Time",NULL,"n1Xmr0r2m0HzEADLdZvw","Test"
"88","rainin","Rain_Index",NULL,"n1Xmr0r2m0HzEADLdZvw","Test"
"89","tempf","Temperature",NULL,"n1Xmr0r2m0HzEADLdZvw","Test"
"90","winddir","Wind_Direction",NULL,"n1Xmr0r2m0HzEADLdZvw","Test"
"91","winddir_avg2m","Wind_Direction",NULL,"n1Xmr0r2m0HzEADLdZvw","Test"
"92","windgustdir","Wind_Direction",NULL,"n1Xmr0r2m0HzEADLdZvw","Test"
"93","windgustdir_10m","Wind_Direction",NULL,"n1Xmr0r2m0HzEADLdZvw","Test"
"94","windgustmph","Wind_Speed",NULL,"n1Xmr0r2m0HzEADLdZvw","Test"
"95","windgustmph_10m","Wind_Speed",NULL,"n1Xmr0r2m0HzEADLdZvw","Test"
"96","windspdmph_avg2m","Wind_Speed",NULL,"n1Xmr0r2m0HzEADLdZvw","Test"
"97","windspeedmph","Wind_Speed",NULL,"n1Xmr0r2m0HzEADLdZvw","Test"
"105","t1","Temperature",NULL,"5Jxxo1b4WMiGv4pvnQbl","Test"
"110","time","Time",NULL,"4JpbdgYR2LSagM51l6AQ","Test"
"112","time","Time",NULL,"LQ62oMrvJOIqqV6Zp5rZ","Test"
"121","gas","Gas_Level",NULL,"MGWZwD9jAyiLdZ0EXDyE","Test"
"122","time","Time",NULL,"MGWZwD9jAyiLdZ0EXDyE","Test"
"124","air_temp","Temperature",NULL,"KJn3zaGEGnSWnQD6alME","Test"
"125","cpu_temp","Temperature",NULL,"KJn3zaGEGnSWnQD6alME","Test"
"130","localtime","Time",NULL,"VGQyXw6JortX3gKoOqaq","Training"
"132","timestamp","Time",NULL,"VGQyXw6JortX3gKoOqaq","Test"
"134","cpm","Count",NULL,"2JYQLmDg5yUVgMNX5M4q","Test"
"135","temp","Temperature",NULL,"KJ1prLvvQwh5453p13pr","Test"
"136","h1","Humidity",NULL,"VGVnKXdmKxHmGgOgy95Y","Test"
"137","t1","Temperature",NULL,"VGVnKXdmKxHmGgOgy95Y","Test"
"139","dailyrain","Rain_Index",NULL,"6Jx7mplO0KsYN3g7wry7","Test"
"141","dewpoint","Dewpoint",NULL,"6Jx7mplO0KsYN3g7wry7","Test"
"142","hourrain","Rain_Index",NULL,"6Jx7mplO0KsYN3g7wry7","Test"
"143","humidity","Humidity",NULL,"6Jx7mplO0KsYN3g7wry7","Test"
"144","pressure","Pressure",NULL,"6Jx7mplO0KsYN3g7wry7","Test"
"145","temp","Temperature",NULL,"6Jx7mplO0KsYN3g7wry7","Test"
"146","time","Time",NULL,"6Jx7mplO0KsYN3g7wry7","Test"
"147","winddir","Wind_Direction",NULL,"6Jx7mplO0KsYN3g7wry7","Test"
"148","winddiravg","Wind_Direction",NULL,"6Jx7mplO0KsYN3g7wry7","Test"
"150","windgustdir","Wind_Direction",NULL,"6Jx7mplO0KsYN3g7wry7","Training"
"151","windspeed","Wind_Speed",NULL,"6Jx7mplO0KsYN3g7wry7","Training"
"152","windspeedavg","Wind_Speed",NULL,"6Jx7mplO0KsYN3g7wry7","Test"
"154","flowr1h","Humidity",NULL,"WGvxGoA7r4uYx3vd8QRJ","Test"
"157","flowr2t","Time",NULL,"WGvxGoA7r4uYx3vd8QRJ","Test"
"160","motherh","Humidity",NULL,"WGvxGoA7r4uYx3vd8QRJ","Test"
"161","mothert","Temperature",NULL,"WGvxGoA7r4uYx3vd8QRJ","Test"
"169","baromin","Pressure",NULL,"3J55q9rQ1otXxMOwgOn0","Test"
"170","batt_lvl","Battery_Level",NULL,"3J55q9rQ1otXxMOwgOn0","Test"
"173","humidity","Humidity",NULL,"3J55q9rQ1otXxMOwgOn0","Test"
"174","light_lvl","Brightness",NULL,"3J55q9rQ1otXxMOwgOn0","Test"
"175","rainin","Rain_Index",NULL,"3J55q9rQ1otXxMOwgOn0","Training"
"176","tempf","Temperature",NULL,"3J55q9rQ1otXxMOwgOn0","Test"
"177","timestamp","Time",NULL,"3J55q9rQ1otXxMOwgOn0","Test"
"185","windspeedmph","Wind_Speed",NULL,"3J55q9rQ1otXxMOwgOn0","Training"
"187","relative_humidity","Humidity",NULL,"RMwpAlgX72f56N09xNnx","Test"
"188","temperature_in_celsius","Temperature",NULL,"RMwpAlgX72f56N09xNnx","Test"
"189","battery","Battery_Level",NULL,"1nvygQQg4KClzKQYDGKL","Training"
"193","humidity","Humidity",NULL,"aGAMam0mYNfAdNjRQME2","Test"
"196","tempc","Temperature",NULL,"aGAMam0mYNfAdNjRQME2","Test"
"197","tempf","Temperature",NULL,"aGAMam0mYNfAdNjRQME2","Test"
"198","bath","Temperature",NULL,"KJzLYya3q9SbjVjRrDb7","Test"
"200","laundry","Temperature",NULL,"KJzLYya3q9SbjVjRrDb7","Test"
"204","timestamp","Time",NULL,"KJzLYya3q9SbjVjRrDb7","Test"
"206","baromin","Pressure",NULL,"AJb3q3DNmNHJ4z58YGDo","Test"
"207","batt_lvl","Battery_Level",NULL,"AJb3q3DNmNHJ4z58YGDo","Test"
"208","dailyrainin","Rain_Index",NULL,"AJb3q3DNmNHJ4z58YGDo","Test"
"209","dewptf","Dewpoint",NULL,"AJb3q3DNmNHJ4z58YGDo","Test"
"210","humidity","Humidity",NULL,"AJb3q3DNmNHJ4z58YGDo","Test"
"211","light_lvl","Brightness",NULL,"AJb3q3DNmNHJ4z58YGDo","Test"
"212","measurementtime","Time",NULL,"AJb3q3DNmNHJ4z58YGDo","Test"
"213","rainin","Rain_Index",NULL,"AJb3q3DNmNHJ4z58YGDo","Test"
"214","tempf","Temperature",NULL,"AJb3q3DNmNHJ4z58YGDo","Test"
"215","winddir","Wind_Direction",NULL,"AJb3q3DNmNHJ4z58YGDo","Test"
"216","winddir_avg2m","Wind_Direction",NULL,"AJb3q3DNmNHJ4z58YGDo","Test"
"217","windgustdir","Wind_Direction",NULL,"AJb3q3DNmNHJ4z58YGDo","Test"
"218","windgustdir_10m","Wind_Direction",NULL,"AJb3q3DNmNHJ4z58YGDo","Test"
"220","windgustmph_10m","Wind_Speed",NULL,"AJb3q3DNmNHJ4z58YGDo","Test"
"221","windspdmph_avg2m","Wind_Speed",NULL,"AJb3q3DNmNHJ4z58YGDo","Test"
"223","humidity","Humidity",NULL,"NJ3Ll36ZOZI60VJ7xRgd","Test"
"225","pressure","Pressure",NULL,"NJ3Ll36ZOZI60VJ7xRgd","Test"
"226","temp","Temperature",NULL,"NJ3Ll36ZOZI60VJ7xRgd","Test"
"227","watts","Power",NULL,"5JyGNbA6vLhOQYAOQj5x","Test"
"228","temp0","Temperature",NULL,"9Jx0zOnRO9T6ml6axK2Y","Test"
"229","temp1","Temperature",NULL,"9Jx0zOnRO9T6ml6axK2Y","Test"
"235","t2","Dust_Level",NULL,"KJ2nwYrg5WFM759EmdVL","Training"
"240","voltage","Voltage",NULL,"pw52AvWXKNu41RDL6x5n","Test"
"241","temp_frem","Temperature",NULL,"q58larKLlVSd0nXq9dK6","Test"
"242","temp_retur","Temperature",NULL,"q58larKLlVSd0nXq9dK6","Test"
"244","volt","Voltage",NULL,"q58larKLlVSd0nXq9dK6","Test"
"245","dhthumidity","Temperature",NULL,"9JmD0RRx8XHyrnvKXnX3","Test"
"246","dhttemperature","Temperature",NULL,"9JmD0RRx8XHyrnvKXnX3","Test"
"247","dstemperature","Temperature",NULL,"9JmD0RRx8XHyrnvKXnX3","Test"
"248","humidity","Humidity",NULL,"mKmNLmMpzotnQM1v5lV0","Test"
"249","pressure","Pressure",NULL,"mKmNLmMpzotnQM1v5lV0","Test"
"250","rainin","Rain_Index",NULL,"mKmNLmMpzotnQM1v5lV0","Test"
"251","temperature","Temperature",NULL,"mKmNLmMpzotnQM1v5lV0","Test"
"252","winddir","Wind_Direction",NULL,"mKmNLmMpzotnQM1v5lV0","Test"
"253","windspeed","Wind_Speed",NULL,"mKmNLmMpzotnQM1v5lV0","Test"
"254","current1","Current",NULL,"WGL3QgMoxVFbAYxWpWav","Test"
"255","current2","Current",NULL,"WGL3QgMoxVFbAYxWpWav","Test"
"256","voltage1","Voltage",NULL,"WGL3QgMoxVFbAYxWpWav","Test"
"257","voltage2","Voltage",NULL,"WGL3QgMoxVFbAYxWpWav","Test"
"260","temp","Temperature",NULL,"yAxao6ynLDSz2056d3zX","Test"
"261","hidx","Heat_Index",NULL,"QG1jApbEybuMqo8q9gN8","Test"
"262","hum","Humidity",NULL,"QG1jApbEybuMqo8q9gN8","Test"
"263","temp","Temperature",NULL,"QG1jApbEybuMqo8q9gN8","Test"
"264","barotemp","Temperature",NULL,"roLAE1JNWRFw2ax9pljo","Test"
"266","humidity","Humidity",NULL,"roLAE1JNWRFw2ax9pljo","Test"
"267","rainin","Rain_Index",NULL,"roLAE1JNWRFw2ax9pljo","Test"
"268","soilmoisture","Humidity",NULL,"roLAE1JNWRFw2ax9pljo","Test"
"269","soiltempf","Temperature",NULL,"roLAE1JNWRFw2ax9pljo","Test"
"270","tempf","Temperature",NULL,"roLAE1JNWRFw2ax9pljo","Test"
"271","winddir","Wind_Direction",NULL,"roLAE1JNWRFw2ax9pljo","Test"
"272","windspeedmph","Wind_Speed",NULL,"roLAE1JNWRFw2ax9pljo","Test"
"273","barotemp","Temperature",NULL,"jqMN2x3Kg9tMgYXVgDbv","Training"
"275","humidity","Humidity",NULL,"jqMN2x3Kg9tMgYXVgDbv","Test"
"276","rainin","Rain_Index",NULL,"jqMN2x3Kg9tMgYXVgDbv","Test"
"277","tempf","Temperature",NULL,"jqMN2x3Kg9tMgYXVgDbv","Test"
"278","winddir","Wind_Direction",NULL,"jqMN2x3Kg9tMgYXVgDbv","Test"
"279","windspeedmph","Wind_Speed",NULL,"jqMN2x3Kg9tMgYXVgDbv","Test"
"280","humidity","Humidity",NULL,"VGQjXyY0jbHmZ27pp9wv","Test"
"281","tempf","Temperature",NULL,"VGQjXyY0jbHmZ27pp9wv","Test"
"282","co","Gas_Level",NULL,"OGEKvdL94JHvGJYKo01X","Test"
"283","co2","Gas_Level",NULL,"OGEKvdL94JHvGJYKo01X","Test"
"284","humidity","Humidity",NULL,"OGEKvdL94JHvGJYKo01X","Test"
"285","nh4","Gas_Level",NULL,"OGEKvdL94JHvGJYKo01X","Test"
"288","humidityrh","Humidity",NULL,"XGwJ14AM9LUa1zRvlNXb","Test"
"289","pressurembar","Pressure",NULL,"XGwJ14AM9LUa1zRvlNXb","Test"
"290","temperaturef","Temperature",NULL,"XGwJ14AM9LUa1zRvlNXb","Test"
"292","light","Brightness",NULL,"NJxlEbJvqVI6xrb19Vmr","Test"
"294","humi","Humidity",NULL,"RM81aj3dnOFbb1n7wa1o","Test"
"295","temp","Temperature",NULL,"RM81aj3dnOFbb1n7wa1o","Test"
"303","humidity","Humidity",NULL,"5Jp088mRXvH4bVDKVKpr","Test"
"304","pressure","Pressure",NULL,"5Jp088mRXvH4bVDKVKpr","Test"
"305","temp","Temperature",NULL,"5Jp088mRXvH4bVDKVKpr","Test"
"313","temp_f","Temperature",NULL,"LQ3JXQ4xnrtGlG2ZYXnR","Test"
"314","gas","Gas_Level",NULL,"QGxRll4341u0019rMbXM","Test"
"333","count","Count",NULL,"8dxbWr1EJ8s6aQbvE4aq","Test"
"336","humidity","Humidity",NULL,"n1qNomJAJoSnE8znljD7","Test"
"337","lux","Brightness",NULL,"n1qNomJAJoSnE8znljD7","Test"
"338","pressure","Pressure",NULL,"n1qNomJAJoSnE8znljD7","Test"
"339","rain","Rain_Index",NULL,"n1qNomJAJoSnE8znljD7","Test"
"341","temp","Temperature",NULL,"n1qNomJAJoSnE8znljD7","Test"
"344","time","Time",NULL,"QG1bK0adXvC4LRjO8m2m","Test"
"345","t0","Temperature",NULL,"9J0wg9babbHrN2WZNGN6","Test"
"346","t1","Temperature",NULL,"9J0wg9babbHrN2WZNGN6","Test"
"347","t2","Temperature",NULL,"9J0wg9babbHrN2WZNGN6","Test"
"353","voltage","Power",NULL,"lzj3QXLLdbfr1Yqm8d4o","Test"
"365","humidity","Humidity",NULL,"2J5RNARa4mUX4AxR8zXg","Test"
"366","light","Brightness",NULL,"2J5RNARa4mUX4AxR8zXg","Test"
"367","temperature","Temperature",NULL,"2J5RNARa4mUX4AxR8zXg","Test"
"368","battery","Battery_Level",NULL,"8djnp22QVyC6xXQnZ6Nm","Test"
"369","humidity","Humidity",NULL,"8djnp22QVyC6xXQnZ6Nm","Test"
"370","temp","Temperature",NULL,"8djnp22QVyC6xXQnZ6Nm","Test"
"372","humidity","Humidity",NULL,"wpbq2p0N1rig8WJZRWpO","Test"
"373","measurementtime","Time",NULL,"wpbq2p0N1rig8WJZRWpO","Test"
"376","location","Geolocalization",NULL,"EJr0nQY51JsjlGRRrAny","Test"
"377","temp","Temperature",NULL,"EJr0nQY51JsjlGRRrAny","Test"
"378","battery_level","Battery_Level",NULL,"n1rRVKrZo3UYGKoXz12p","Test"
"384","relative_humidity","Humidity",NULL,"OGKW075G4NtyVDWWXy7G","Test"
"385","temperature_in_celsius","Temperature",NULL,"OGKW075G4NtyVDWWXy7G","Test"
"388","c2_time","Time",NULL,"WGg4WXgZpAImjQ7llN7O","Test"
"389","humidity","Humidity",NULL,"v0yJoRRXKYcrpLdjzDqZ","Test"
"393","humidity","Humidity",NULL,"YGYQj85jgDIQylEjg3wj","Test"
"394","rainin","Rain_Index",NULL,"YGYQj85jgDIQylEjg3wj","Test"
"395","soilmoisture","Humidity",NULL,"YGYQj85jgDIQylEjg3wj","Test"
"396","soiltempf","Temperature",NULL,"YGYQj85jgDIQylEjg3wj","Test"
"397","tempf","Temperature",NULL,"YGYQj85jgDIQylEjg3wj","Test"
"398","winddir","Wind_Direction",NULL,"YGYQj85jgDIQylEjg3wj","Test"
"399","windspeedmph","Wind_Speed",NULL,"YGYQj85jgDIQylEjg3wj","Test"
"401","co","Gas_Level",NULL,"DJMOx0ALmJi6MJGMyXNm","Test"
"402","co2","Gas_Level",NULL,"DJMOx0ALmJi6MJGMyXNm","Test"
"404","humidity","Humidity",NULL,"DJMOx0ALmJi6MJGMyXNm","Test"
"405","nh4","Gas_Level",NULL,"DJMOx0ALmJi6MJGMyXNm","Test"
"406","temp","Temperature",NULL,"DJMOx0ALmJi6MJGMyXNm","Test"
"409","dewpoint","Dewpoint",NULL,"q52Yrrxgj8uwOOoqNjq9","Test"
"410","dhttemperature","Temperature",NULL,"q52Yrrxgj8uwOOoqNjq9","Test"
"411","humidity","Humidity",NULL,"q52Yrrxgj8uwOOoqNjq9","Test"
"416","batt_lvl","Battery_Level",NULL,"dZgzYOGnx0tGEMAAwAJY","Test"
"417","dailyrainin","Rain_Index",NULL,"dZgzYOGnx0tGEMAAwAJY","Test"
"418","dewptf","Dewpoint",NULL,"dZgzYOGnx0tGEMAAwAJY","Test"
"419","humidity","Humidity",NULL,"dZgzYOGnx0tGEMAAwAJY","Test"
"420","light_lvl","Brightness",NULL,"dZgzYOGnx0tGEMAAwAJY","Test"
"421","measurementtime","Time",NULL,"dZgzYOGnx0tGEMAAwAJY","Test"
"422","rainin","Rain_Index",NULL,"dZgzYOGnx0tGEMAAwAJY","Test"
"423","tempf","Temperature",NULL,"dZgzYOGnx0tGEMAAwAJY","Test"
"424","winddir","Wind_Direction",NULL,"dZgzYOGnx0tGEMAAwAJY","Test"
"425","winddir_avg2m","Wind_Direction",NULL,"dZgzYOGnx0tGEMAAwAJY","Test"
"426","windgustdir","Wind_Direction",NULL,"dZgzYOGnx0tGEMAAwAJY","Test"
"427","windgustdir_10m","Wind_Direction",NULL,"dZgzYOGnx0tGEMAAwAJY","Test"
"428","windgustmph","Wind_Speed",NULL,"dZgzYOGnx0tGEMAAwAJY","Test"
"429","windgustmph_10m","Wind_Speed",NULL,"dZgzYOGnx0tGEMAAwAJY","Test"
"430","windspdmph_avg2m","Wind_Speed",NULL,"dZgzYOGnx0tGEMAAwAJY","Test"
"431","windspeedmph","Wind_Speed",NULL,"dZgzYOGnx0tGEMAAwAJY","Test"
"433","time","Time",NULL,"Jx9aM54xdMharJdZWQMp","Test"
"434","hidx","Heat_Index",NULL,"wp8bYpJQnJTW8WROoX4n","Test"
"435","hum","Humidity",NULL,"wp8bYpJQnJTW8WROoX4n","Test"
"436","temp","Temperature",NULL,"wp8bYpJQnJTW8WROoX4n","Test"
"437","humidity","Humidity",NULL,"xR4qvGXN09f1VXXzdjYq","Test"
"438","temp","Temperature",NULL,"xR4qvGXN09f1VXXzdjYq","Test"
"441","temp","Humidity",NULL,"n1zQGG8wqrtlwDnyJZ9m","Test"
"442","attic","Temperature",NULL,"QGG1n3agJncbxNd5ZxG5","Test"
"443","closet","Temperature",NULL,"QGG1n3agJncbxNd5ZxG5","Test"
"444","hallway","Temperature",NULL,"QGG1n3agJncbxNd5ZxG5","Test"
"445","temp","Temperature",NULL,"4JrgZRgjyvtmJn2p5Omd","Test"
"446","humidity","Humidity",NULL,"dZLN9YlVLaiZpzl6Gl0a","Test"
"447","temperature","Temperature",NULL,"dZLN9YlVLaiZpzl6Gl0a","Test"
"448","humidity","Humidity",NULL,"xRoJYolxL3SQXn96Yq63","Test"
"449","temp","Temperature",NULL,"xRoJYolxL3SQXn96Yq63","Test"
"450","temp","Temperature",NULL,"LQJQ18yNgxC5nn7vMj62","Test"
"452","humidity","Humidity",NULL,"7JXd1vGN9VIlGlbzq5Ad","Test"
"457","pressure","Pressure",NULL,"4JWwayzK2KFWKvGlVXJd","Training"
"459","baromin","Pressure",NULL,"pwJKVMmNV0hbAOYjxGl2","Test"
"460","batt_lvl","Battery_Level",NULL,"pwJKVMmNV0hbAOYjxGl2","Test"
"461","dailyrainin","Rain_Index",NULL,"pwJKVMmNV0hbAOYjxGl2","Test"
"462","dewptf","Dewpoint",NULL,"pwJKVMmNV0hbAOYjxGl2","Test"
"463","humidity","Humidity",NULL,"pwJKVMmNV0hbAOYjxGl2","Test"
"464","light_lvl","Brightness",NULL,"pwJKVMmNV0hbAOYjxGl2","Test"
"465","measurementtime","Time",NULL,"pwJKVMmNV0hbAOYjxGl2","Test"
"466","rainin","Rain_Index",NULL,"pwJKVMmNV0hbAOYjxGl2","Test"
"467","tempf","Temperature",NULL,"pwJKVMmNV0hbAOYjxGl2","Test"
"477","lux","Brightness",NULL,"aGrvqWKm5Gs48mqaLgl7","Training"
"481","motion","Motion",NULL,"xRonxvMAwJI4xlazAxga","Test"
"482","time","Time",NULL,"xRonxvMAwJI4xlazAxga","Test"
"483","humidity","Humidity",NULL,"AJM6aX1VQzfa2ZmaMOmm","Test"
"485","temp","Temperature",NULL,"AJM6aX1VQzfa2ZmaMOmm","Test"
"487","heatindex","Heat_Index",NULL,"EJGqnJw13wHO3RXAYnxz","Test"
"488","humidity","Humidity",NULL,"EJGqnJw13wHO3RXAYnxz","Test"
"490","light","Brightness",NULL,"EJGqnJw13wHO3RXAYnxz","Test"
"491","temp","Temperature",NULL,"EJGqnJw13wHO3RXAYnxz","Test"
"492","time","Time",NULL,"EJGqnJw13wHO3RXAYnxz","Test"
"494","time","Time",NULL,"ZGgjDKoYW9u3naMvNpOV","Test"
"495","barotemp","Temperature",NULL,"xRxR7lRwY6czvJ15vgqL","Test"
"497","humidity","Humidity",NULL,"xRxR7lRwY6czvJ15vgqL","Test"
"498","tempf","Temperature",NULL,"xRxR7lRwY6czvJ15vgqL","Test"
"500","lux","Brightness",NULL,"4JLwlARWb7hwOn2z9Rlg","Test"
"502","humidity","Humidity",NULL,"QGqWJqYE8qUb0XQ4d2yb","Test"
"503","temp","Temperature",NULL,"QGqWJqYE8qUb0XQ4d2yb","Test"
"504","tempc","Temperature",NULL,"MGv9JJzno8cLy2R52mnA","Test"
"507","irradiance_w_per_m2","Radiation",NULL,"RM1xmbzxarFlR7b065jV","Test"
"508","pv_current_amp","Current",NULL,"RM1xmbzxarFlR7b065jV","Test"
"509","pv_power_watts","Power",NULL,"RM1xmbzxarFlR7b065jV","Test"
"510","pv_voltage_volts","Voltage",NULL,"RM1xmbzxarFlR7b065jV","Test"
"511","voltage_dc","Voltage",NULL,"RM1xmbzxarFlR7b065jV","Test"
"512","baromin","Pressure",NULL,"JxDLZ7Gm0dhDo4My381q","Test"
"513","batt_lvl","Battery_Level",NULL,"JxDLZ7Gm0dhDo4My381q","Test"
"514","dailyrainin","Rain_Index",NULL,"JxDLZ7Gm0dhDo4My381q","Test"
"515","dewptf","Dewpoint",NULL,"JxDLZ7Gm0dhDo4My381q","Test"
"516","humidity","Humidity",NULL,"JxDLZ7Gm0dhDo4My381q","Test"
"517","light_lvl","Brightness",NULL,"JxDLZ7Gm0dhDo4My381q","Test"
"518","measurementtime","Time",NULL,"JxDLZ7Gm0dhDo4My381q","Test"
"519","rainin","Rain_Index",NULL,"JxDLZ7Gm0dhDo4My381q","Test"
"520","tempf","Temperature",NULL,"JxDLZ7Gm0dhDo4My381q","Test"
"521","winddir","Wind_Direction",NULL,"JxDLZ7Gm0dhDo4My381q","Test"
"522","winddir_avg2m","Wind_Direction",NULL,"JxDLZ7Gm0dhDo4My381q","Test"
"523","windgustdir","Wind_Direction",NULL,"JxDLZ7Gm0dhDo4My381q","Test"
"525","windgustmph","Wind_Speed",NULL,"JxDLZ7Gm0dhDo4My381q","Test"
"526","windgustmph_10m","Wind_Speed",NULL,"JxDLZ7Gm0dhDo4My381q","Test"
"527","windspdmph_avg2m","Wind_Speed",NULL,"JxDLZ7Gm0dhDo4My381q","Test"
"528","windspeedmph","Wind_Speed",NULL,"JxDLZ7Gm0dhDo4My381q","Test"
"529","humidity","Humidity",NULL,"MG4970aq3WsajWzlnQgn","Test"
"530","temp","Temperature",NULL,"MG4970aq3WsajWzlnQgn","Test"
"532","power","Power",NULL,"xRvJ0wRd5qCQVpD5LdV0","Test"
"539","dewpoint","Dewpoint",NULL,"6JM1YNLn0Ktz2Z0azXQ5","Test"
"540","humidity","Humidity",NULL,"6JM1YNLn0Ktz2Z0azXQ5","Test"
"541","pipetemp","Temperature",NULL,"6JM1YNLn0Ktz2Z0azXQ5","Training"
"542","temp","Temperature",NULL,"6JM1YNLn0Ktz2Z0azXQ5","Test"
"546","gb3wb_current","Current",NULL,"7JORD3qOZlSZ3m48A3o5","Test"
"547","gb3wb_temperature","Temperature",NULL,"7JORD3qOZlSZ3m48A3o5","Test"
"548","gb7is_current","Current",NULL,"7JORD3qOZlSZ3m48A3o5","Test"
"549","gb7is_temperature","Temperature",NULL,"7JORD3qOZlSZ3m48A3o5","Test"
"550","gb7it_current","Current",NULL,"7JORD3qOZlSZ3m48A3o5","Test"
"551","gb7it_temperature","Temperature",NULL,"7JORD3qOZlSZ3m48A3o5","Test"
"552","gb7wb_current","Current",NULL,"7JORD3qOZlSZ3m48A3o5","Test"
"554","humidity","Humidity",NULL,"4JWw2G2mARTzOD9y1v1E","Test"
"558","humidity","Humidity",NULL,"mKmx0Vv5XoIOnrRrW5pq","Test"
"559","temp","Temperature",NULL,"mKmx0Vv5XoIOnrRrW5pq","Test"
"561","currenttemp","Temperature",NULL,"RM49MOpz3QtDLQ0mqWNE","Test"
"563","settemp","Temperature",NULL,"RM49MOpz3QtDLQ0mqWNE","Test"
"564","baromin","Pressure",NULL,"ZGYmKDKVMxTDxrx6agWa","Training"
"565","batt_lvl","Battery_Level",NULL,"ZGYmKDKVMxTDxrx6agWa","Test"
"566","dailyrainin","Rain_Index",NULL,"ZGYmKDKVMxTDxrx6agWa","Test"
"567","dewptf","Dewpoint",NULL,"ZGYmKDKVMxTDxrx6agWa","Test"
"568","humidity","Humidity",NULL,"ZGYmKDKVMxTDxrx6agWa","Test"
"569","light_lvl","Brightness",NULL,"ZGYmKDKVMxTDxrx6agWa","Test"
"570","measurementtime","Time",NULL,"ZGYmKDKVMxTDxrx6agWa","Test"
"571","rainin","Rain_Index",NULL,"ZGYmKDKVMxTDxrx6agWa","Test"
"583","temp","Temperature",NULL,"xR3pMwQGwyS4OgpAXx8d","Test"
"592","temperature","Temperature",NULL,"20002","Training"
"593","12v source","Voltage",NULL,"20002","Training"
"597","voltage of cap (v)","Voltage",NULL,"20016","Training"
"598","voltage output to circuit (v)","Voltage",NULL,"20017","Training"
"599","current into cap (ma)","Current",NULL,"20018","Training"
"600","power [watts]","Power",NULL,"20020","Training"
"601","dht11_humidity","Humidity",NULL,"20022","Training"
"602","dht11_temperature","Temperature",NULL,"20022","Test"
"603","ds18b20","Temperature",NULL,"20022","Training"
"604","esp8266_dht11_humidity","Humidity",NULL,"20022","Test"
"605","nodemcu_ds18b20","Temperature",NULL,"20022","Test"
"606","esp8266_dht11_temperature","Temperature",NULL,"20022","Test"
"607","butane_level","Gas_Level",NULL,"20022","Training"
"608","downstairs","Temperature",NULL,"20049","Test"
"610","jacksons room","Temperature",NULL,"20049","Test"
"611","shed humidity","Humidity",NULL,"20054","Test"
"612","shed temperature","Temperature",NULL,"20054","Test"
"613","current","Voltage",NULL,"20056","Training"
"615","volt","Voltage",NULL,"20056","Training"
"616","temperature","Temperature",NULL,"20083","Training"
"619","pressure","Pressure",NULL,"20097","Training"
"621","temp_barometer","Temperature",NULL,"20097","Test"
"622","heat index","Heat_Index",NULL,"20097","Training"
"623","temp2","Temperature",NULL,"20097","Test"
"625","stored temperature","Temperature",NULL,"20107","Training"
"627","temperature","Temperature",NULL,"20107","Test"
"628","temperature c","Temperature",NULL,"20112","Test"
"629","pack max volts","Voltage",NULL,"20118","Test"
"630","cell max volt","Voltage",NULL,"20118","Test"
"631","cell min celsius","Temperature",NULL,"20118","Test"
"632","cell min volt","Voltage",NULL,"20118","Test"
"634","pack min volts","Voltage",NULL,"20118","Test"
"635","bypass max amps","Current",NULL,"20118","Training"
"636","cell max celsius","Temperature",NULL,"20118","Training"
"638","distance","Distance",NULL,"20129","Training"
"639","kosteus olkkari","Humidity",NULL,"20131","Training"
"640","temp id42","Temperature",NULL,"20131","Test"
"641","temp1","Temperature",NULL,"20135","Training"
"642","temparature","Temperature",NULL,"20142","Test"
"649","t3(mcp9803)","Temperature",NULL,"20197","Test"
"650","t1(termistor)","Temperature",NULL,"20197","Training"
"651","time","Time",NULL,"20201","Training"
"652","wind speed","Wind_Speed",NULL,"20201","Training"
"653","temperature","Temperature",NULL,"20201","Test"
"654","light value","Brightness",NULL,"20201","Training"
"656","rain","Rain_Index",NULL,"20201","Training"
"657","wind direction","Wind_Direction",NULL,"20201","Training"
"659","temp2","Temperature",NULL,"20219","Test"
"660","temp1","Temperature",NULL,"20219","Test"
"661","living_temp","Temperature",NULL,"20260","Test"
"662","living_humidity","Humidity",NULL,"20260","Test"
"663","attic","Temperature",NULL,"20260","Test"
"664","humidity","Humidity",NULL,"20268","Test"
"666","temperature","Temperature",NULL,"20268","Test"
"669","temp","Temperature",NULL,"20299","Test"
"678","humidity ( % )","Humidity",NULL,"20318","Test"
"679","equipment voltage ( v )","Voltage",NULL,"20318","Training"
"681","temperatura","Temperature",NULL,"20336","Training"
"682","humidity (%)","Humidity",NULL,"20348","Test"
"683","temperature","Temperature",NULL,"20351","Test"
"686","temperature","Temperature",NULL,"20375","Test"
"687","pressure","Pressure",NULL,"20375","Training"
"688","lux","Brightness",NULL,"20375","Training"
"689","draftbox temperature","Temperature",NULL,"20378","Test"
"690","blower power","Power",NULL,"20378","Training"
"691","chiller temperature","Temperature",NULL,"20378","Test"
"692","light sensor","Brightness",NULL,"20378","Training"
"693","ambient temperature","Temperature",NULL,"20378","Training"
"694","temperature (f)","Temperature",NULL,"20381","Test"
"695","humidity","Humidity",NULL,"20381","Test"
"697","heat index","Heat_Index",NULL,"20381","Training"
"698","humidity","Humidity",NULL,"20387","Test"
"700","temp","Temperature",NULL,"20387","Test"
"701","light","Brightness",NULL,"20408","Test"
"702","humidity","Humidity",NULL,"20408","Test"
"703","temperature","Temperature",NULL,"20408","Test"
"707","press","Pressure",NULL,"20470","Test"
"708","hum","Humidity",NULL,"20470","Test"
"709","temp","Temperature",NULL,"20470","Test"
"710","mem %","Memory",NULL,"20474","Test"
"712","cpu %","CPU_Usage",NULL,"20474","Test"
"713","air temperature","Temperature",NULL,"20476","Test"
"714","water temperature","Temperature",NULL,"20476","Test"
"716","dht11 temp","Temperature",NULL,"20494","Training"
"717","dht11 rel humidity","Humidity",NULL,"20494","Training"
"718","tmp102 temp","Temperature",NULL,"20494","Test"
"720","humidity living %","Humidity",NULL,"20502","Test"
"721","temperatura","Temperature",NULL,"20504","Test"
"722","barometric pressure","Pressure",NULL,"20507","Training"
"723","temperature","Temperature",NULL,"20507","Test"
"724","light sensor","Brightness",NULL,"20507","Test"
"725","humidity","Humidity",NULL,"20507","Test"
"729","temperature","Temperature",NULL,"20530","Test"
"731","temperature 1","Temperature",NULL,"20547","Test"
"732","tl temp","Temperature",NULL,"20561","Test"
"735","temperature 1","Temperature",NULL,"20573","Test"
"737","vazio","Power",NULL,"20578","Training"
"739","power instantaneo  [watts]","Power",NULL,"20578","Test"
"742","outdoor","Temperature",NULL,"20598","Training"
"743","pressure","Pressure",NULL,"20598","Test"
"744","indoor","Temperature",NULL,"20598","Training"
"745","temperature","Temperature",NULL,"20625","Test"
"746","humidity","Humidity",NULL,"20625","Test"
"749","relative humidity","Humidity",NULL,"20640","Training"
"751","pack volt max","Voltage",NULL,"20660","Training"
"752","supervisor volt","Voltage",NULL,"20660","Test"
"753","pack voltage min","Voltage",NULL,"20660","Test"
"754","cell volt max","Voltage",NULL,"20660","Test"
"755","charger actual amps","Current",NULL,"20660","Test"
"756","cell volt min","Voltage",NULL,"20660","Test"
"757","cell celcius min","Temperature",NULL,"20660","Test"
"758","temperature","Temperature",NULL,"20665","Training"
"760","humidity","Humidity",NULL,"20665","Test"
"775","temperature-dht","Temperature",NULL,"20678","Test"
"776","relative humidity","Humidity",NULL,"20678","Test"
"777","pressure","Pressure",NULL,"20678","Test"
"779","light level","Brightness",NULL,"20678","Test"
"780","temperature-bmp","Temperature",NULL,"20678","Test"
"785","watt/hour count","Power",NULL,"20713","Training"
"786","peak watt/hour","Power",NULL,"20713","Training"
"787","humidity","Humidity",NULL,"20720","Test"
"789","temperature","Temperature",NULL,"20720","Test"
"798","humidity","Humidity",NULL,"20743","Test"
"799","room 2 temp","Temperature",NULL,"20743","Test"
"800","temperature","Temperature",NULL,"20743","Test"
"804","tmp wohnz","Temperature",NULL,"20770","Test"
"805","tmp ofen","Temperature",NULL,"20770","Test"
"806","tmp garage","Temperature",NULL,"20770","Training"
"807","hum aussen","Humidity",NULL,"20770","Test"
"808","hum keller","Humidity",NULL,"20770","Test"
"809","tmp keller","Temperature",NULL,"20770","Test"
"810","tmp aussen","Temperature",NULL,"20770","Test"
"811","zadata temperatura","Temperature",NULL,"20790","Test"
"813","temperatura","Temperature",NULL,"20790","Test"
"814","spoljna vlaznost rhmz","Humidity",NULL,"20790","Training"
"815","spoljni pritisak rhmz","Pressure",NULL,"20790","Training"
"816","spoljna temperatura rhmz","Temperature",NULL,"20790","Training"
"819","temperaturakotla","Temperature",NULL,"20795","Test"
"820","temperaturadimnihplinov","Temperature",NULL,"20795","Test"
"821","2temp","Temperature",NULL,"20795","Training"
"822","1temp","Temperature",NULL,"20795","Test"
"824","memory usage (mo)","Memory",NULL,"20813","Test"
"825","temperature ( c )","Temperature",NULL,"20839","Test"
"826","no2","Gas_Level",NULL,"20843","Training"
"827","humidity","Humidity",NULL,"20843","Test"
"828","cl2","Gas_Level",NULL,"20843","Training"
"829","temperature","Temperature",NULL,"20843","Test"
"830","co","Gas_Level",NULL,"20843","Test"
"835","temperature (in f)","Temperature",NULL,"20846","Test"
"855","voltios","Voltage",NULL,"20876","Test"
"860","humidade (%)","Humidity",NULL,"20894","Test"
"862","temperatura (c)","Temperature",NULL,"20894","Test"
"863","lightning strikes per hour","Brightness",NULL,"20905","Test"
"864","rainfall","Rain_Index",NULL,"20905","Test"
"865","outside temperature","Temperature",NULL,"20905","Test"
"866","light value","Brightness",NULL,"20910","Test"
"867","co2ppm","Gas_Level",NULL,"20910","Training"
"868","co2","Gas_Level",NULL,"20910","Test"
"869","temp2","Temperature",NULL,"20911","Test"
"870","temp3","Temperature",NULL,"20911","Test"
"871","temp1","Temperature",NULL,"20911","Test"
"873","temp4","Temperature",NULL,"20911","Test"
"874","colour","Colour",NULL,"20924","Training"
"875","height","Height",NULL,"20934","Training"
"882","temp","Temperature",NULL,"ZGvQraDWWmUQJqy2Dd9b","Test"
"896","humidity","Humidity",NULL,"4JEAaqqVNauERwr7jMgX","Test"
"897","rssi","RSSI",NULL,"4JEAaqqVNauERwr7jMgX","Test"
"899","m1","Humidity",NULL,"n1rW4K9n1DuloGzNrW44","Test"
"901","m3","Humidity",NULL,"n1rW4K9n1DuloGzNrW44","Test"
"902","t1","Temperature",NULL,"n1rW4K9n1DuloGzNrW44","Test"
"903","t2","Temperature",NULL,"n1rW4K9n1DuloGzNrW44","Test"
"907","room","Temperature",NULL,"KJED8v83ZQU2dwggYY6Z","Test"
"908","tempf","Temperature",NULL,"KJED8v83ZQU2dwggYY6Z","Test"
"909","time","Time",NULL,"KJED8v83ZQU2dwggYY6Z","Test"
"910","baromin","Pressure",NULL,"MGq7zzVK2lsagnrqgQKL","Test"
"911","batt_lvl","Battery_Level",NULL,"MGq7zzVK2lsagnrqgQKL","Test"
"912","box_humidity","Humidity",NULL,"MGq7zzVK2lsagnrqgQKL","Training"
"913","box_tempf","Temperature",NULL,"MGq7zzVK2lsagnrqgQKL","Test"
"914","dailyrainin","Rain_Index",NULL,"MGq7zzVK2lsagnrqgQKL","Test"
"915","dewptf","Dewpoint",NULL,"MGq7zzVK2lsagnrqgQKL","Test"
"916","humidity","Humidity",NULL,"MGq7zzVK2lsagnrqgQKL","Training"
"917","light_lvl","Brightness",NULL,"MGq7zzVK2lsagnrqgQKL","Test"
"918","measurementtime","Time",NULL,"MGq7zzVK2lsagnrqgQKL","Test"
"919","rainin","Rain_Index",NULL,"MGq7zzVK2lsagnrqgQKL","Test"
"920","tempf","Temperature",NULL,"MGq7zzVK2lsagnrqgQKL","Test"
"921","winddir","Wind_Direction",NULL,"MGq7zzVK2lsagnrqgQKL","Test"
"922","winddir_avg2m","Wind_Direction",NULL,"MGq7zzVK2lsagnrqgQKL","Training"
"923","windgustdir","Wind_Direction",NULL,"MGq7zzVK2lsagnrqgQKL","Test"
"924","windgustdir_10m","Wind_Direction",NULL,"MGq7zzVK2lsagnrqgQKL","Test"
"925","windgustmph","Wind_Speed",NULL,"MGq7zzVK2lsagnrqgQKL","Test"
"926","windgustmph_10m","Wind_Speed",NULL,"MGq7zzVK2lsagnrqgQKL","Test"
"927","windspdmph_avg2m","Wind_Speed",NULL,"MGq7zzVK2lsagnrqgQKL","Test"
"928","windspeedmph","Wind_Speed",NULL,"MGq7zzVK2lsagnrqgQKL","Test"
"929","barotemp","Temperature",NULL,"JxJvW639bAhL9R7z36xW","Test"
"931","humidity","Humidity",NULL,"JxJvW639bAhL9R7z36xW","Test"
"932","rainin","Rain_Index",NULL,"JxJvW639bAhL9R7z36xW","Test"
"933","soilmoisture","Humidity",NULL,"JxJvW639bAhL9R7z36xW","Test"
"934","soiltempf","Temperature",NULL,"JxJvW639bAhL9R7z36xW","Test"
"936","timestamp","Time",NULL,"JxJvW639bAhL9R7z36xW","Training"
"937","winddir","Wind_Direction",NULL,"JxJvW639bAhL9R7z36xW","Test"
"938","windspeedmph","Wind_Speed",NULL,"JxJvW639bAhL9R7z36xW","Test"
"939","baromin","Pressure",NULL,"5JxMxY38lEulzg9YJ5mA","Test"
"940","batt_lvl","Battery_Level",NULL,"5JxMxY38lEulzg9YJ5mA","Test"
"941","dailyrainin","Rain_Index",NULL,"5JxMxY38lEulzg9YJ5mA","Test"
"944","humidity","Humidity",NULL,"5JxMxY38lEulzg9YJ5mA","Test"
"945","light_lvl","Brightness",NULL,"5JxMxY38lEulzg9YJ5mA","Test"
"946","measurementtime","Time",NULL,"5JxMxY38lEulzg9YJ5mA","Training"
"948","rainin","Rain_Index",NULL,"5JxMxY38lEulzg9YJ5mA","Test"
"949","tempf","Temperature",NULL,"5JxMxY38lEulzg9YJ5mA","Test"
"950","winddir","Wind_Direction",NULL,"5JxMxY38lEulzg9YJ5mA","Training"
"951","winddir_avg2m","Wind_Direction",NULL,"5JxMxY38lEulzg9YJ5mA","Test"
"952","windgustdir","Wind_Direction",NULL,"5JxMxY38lEulzg9YJ5mA","Test"
"953","windgustdir_10m","Wind_Direction",NULL,"5JxMxY38lEulzg9YJ5mA","Test"
"954","windgustmph","Wind_Speed",NULL,"5JxMxY38lEulzg9YJ5mA","Test"
"955","windgustmph_10m","Wind_Speed",NULL,"5JxMxY38lEulzg9YJ5mA","Test"
"956","windspdmph_avg2m","Wind_Speed",NULL,"5JxMxY38lEulzg9YJ5mA","Test"
"957","windspeedmph","Wind_Speed",NULL,"5JxMxY38lEulzg9YJ5mA","Test"
"958","yearlyrainin","Rain_Index",NULL,"5JxMxY38lEulzg9YJ5mA","Test"
"959","temp","Temperature",NULL,"xR418bzGQxTW7O7dbw8o","Test"
"960","vent_temp","Temperature",NULL,"VGAVD3OmWVh1NGzN5qyj","Test"
"961","temp","Temperature",NULL,"2JjxyMNyxWFXZNlLr3Mm","Test"
"963","relative_humidity","Humidity",NULL,"AJMoE1W7mqSN9K6N0NJ0","Test"
"964","temperature_in_celsius","Temperature",NULL,"AJMoE1W7mqSN9K6N0NJ0","Test"
"965","humidity","Humidity",NULL,"xRpV3GA0jVHMnoOnor2K","Test"
"966","moisture1","Humidity",NULL,"xRpV3GA0jVHMnoOnor2K","Test"
"967","moisture2","Humidity",NULL,"xRpV3GA0jVHMnoOnor2K","Test"
"968","moisture3","Humidity",NULL,"xRpV3GA0jVHMnoOnor2K","Test"
"969","moisture4","Humidity",NULL,"xRpV3GA0jVHMnoOnor2K","Test"
"970","tempf","Temperature",NULL,"xRpV3GA0jVHMnoOnor2K","Test"
"971","dust","Dust_Level",NULL,"wpoXV3KMJwhw0dzDOO6J","Test"
"972","hum","Humidity",NULL,"wpoXV3KMJwhw0dzDOO6J","Test"
"973","press","Pressure",NULL,"wpoXV3KMJwhw0dzDOO6J","Test"
"974","temp","Temperature",NULL,"wpoXV3KMJwhw0dzDOO6J","Test"
"976","airtemp","Temperature",NULL,"mKzg4wo1alsK8Ldg03lO","Test"
"977","humidity","Humidity",NULL,"mKzg4wo1alsK8Ldg03lO","Test"
"978","immersedtemp","Temperature",NULL,"mKzg4wo1alsK8Ldg03lO","Test"
"979","irdistance","Distance",NULL,"mKzg4wo1alsK8Ldg03lO","Test"
"980","ultrasonicdistance","Distance",NULL,"mKzg4wo1alsK8Ldg03lO","Test"
"982","humidity","Humidity",NULL,"OGwlQn7Eo4fZdNmrgJmr","Test"
"983","pressure","Pressure",NULL,"OGwlQn7Eo4fZdNmrgJmr","Test"
"984","rain","Rain_Index",NULL,"OGwlQn7Eo4fZdNmrgJmr","Test"
"985","temp","Temperature",NULL,"OGwlQn7Eo4fZdNmrgJmr","Test"
"986","voltage","Voltage",NULL,"OGwlQn7Eo4fZdNmrgJmr","Test"
"987","winddirection","Wind_Direction",NULL,"OGwlQn7Eo4fZdNmrgJmr","Test"
"988","windgust","Wind_Direction",NULL,"OGwlQn7Eo4fZdNmrgJmr","Test"
"989","windspeed","Wind_Speed",NULL,"OGwlQn7Eo4fZdNmrgJmr","Test"
"990","a_phase_current","Current",NULL,"NJ3M0q3GoatKm0G7qlxQ","Test"
"991","a_phase_voltage","Voltage",NULL,"NJ3M0q3GoatKm0G7qlxQ","Test"
"992","b_phase_current","Current",NULL,"NJ3M0q3GoatKm0G7qlxQ","Test"
"993","b_phase_voltage","Voltage",NULL,"NJ3M0q3GoatKm0G7qlxQ","Test"
"998","tempc","Temperature",NULL,"50010","Training"
"1000","uv","UV",NULL,"50012","Test"
"1001","celcius","Temperature",NULL,"50012","Test"
"1002","volts","Voltage",NULL,"50012","Training"
"1006","current","Current",NULL,"50016","Test"
"1007","power","Power",NULL,"50016","Training"
"1008","volt","Voltage",NULL,"50016","Test"
"1009","temperature","Temperature",NULL,"50016","Test"
"1010","time.minute","Time",NULL,"50019","Test"
"1011","it room temp f.","Temperature",NULL,"50019","Test"
"1012","system air pressure psi","Pressure",NULL,"50019","Test"
"1015","light 1","Brightness",NULL,"50104","Test"
"1022","teplota","Temperature",NULL,"50118","Test"
"1024","light","Brightness",NULL,"50133","Test"
"1026","voltage","Voltage",NULL,"50133","Training"
"1028","kwh","Power",NULL,"50146","Training"
"1041","kwh","Power",NULL,"50198","Test"
"1042","humidity","Humidity",NULL,"50198","Test"
"1043","corriente","Current",NULL,"50210","Training"
"1044","energia","Energy",NULL,"50210","Training"
"1054","temperature 3 (oc)","Temperature",NULL,"50224","Test"
"1055","humidity 2 (%)","Humidity",NULL,"50224","Test"
"1056","pm25","Gas_Level",NULL,"50231","Test"
"1057","dust","Dust_Level",NULL,"50231","Training"
"1060","innentemperatur","Temperature",NULL,"50275","Test"
"1061","luftfeuchte","Humidity",NULL,"50275","Test"
"1062","aussentemperatur","Temperature",NULL,"50275","Test"
"1063","1wiretempdata","Temperature",NULL,"50285","Test"
"1065","distancia","Distance",NULL,"50299","Training"
"1067","dht11 temperature","Temperature",NULL,"50301","Training"
"1068","dht11 humidity","Humidity",NULL,"50301","Training"
"1071","luminosity","Brightness",NULL,"50301","Test"
"1072","bmp180 barometer","Pressure",NULL,"50301","Test"
"1082","temperature in c","Temperature",NULL,"50333","Test"
"1083","humidity","Humidity",NULL,"50334","Test"
"1085","temperture","Temperature",NULL,"50371","Test"
"1095","light","Brightness",NULL,"50484","Test"
"1096","master temp","Temperature",NULL,"50484","Test"
"1097","temp","Temperature",NULL,"50484","Test"
"1098","master_hum","Humidity",NULL,"50484","Test"
"1099","power_total","Power",NULL,"50484","Test"
"1100","power","Power",NULL,"50484","Training"
"1101","living","Temperature",NULL,"50484","Test"
"1106","bat volts","Voltage",NULL,"50493","Test"
"1107","dewpointf","Dewpoint",NULL,"50493","Test"
"1109","humidity","Humidity",NULL,"50493","Test"
"1110","mem","Memory",NULL,"50494","Test"
"1112","cpu","CPU_Usage",NULL,"50494","Training"
"1116","east light value","Brightness",NULL,"50544","Training"
"1118","west light value","Brightness",NULL,"50544","Training"
"1119","batt voltage","Voltage",NULL,"50544","Training"
"1126","temperature_2","Temperature",NULL,"50561","Test"
"1127","voltage_2","Voltage",NULL,"50561","Test"
"1128","current_1","Current",NULL,"50561","Test"
"1129","voltage_1","Voltage",NULL,"50561","Test"
"1130","power_2","Power",NULL,"50561","Test"
"1131","temperature_1","Temperature",NULL,"50561","Test"
"1132","power_1","Power",NULL,"50561","Test"
"1133","current_2","Current",NULL,"50561","Test"
"1136","cpu","CPU_Usage",NULL,"50567","Test"
"1137","uptime","Time",NULL,"50567","Test"
"1140","humidity","Humidity",NULL,"50579","Test"
"1141","temperature","Temperature",NULL,"50579","Test"
"1145","temperature 2","Temperature",NULL,"50592","Test"
"1150","time","Time",NULL,"50606","Test"
"1154","power","Power",NULL,"50606","Test"
"1166","temp","Temperature",NULL,"50700","Test"
"1167","humidity","Humidity",NULL,"50708","Test"
"1168","light","Brightness",NULL,"50708","Training"
"1170","humidity","Humidity",NULL,"50709","Test"
"1171","temperature","Temperature",NULL,"50709","Test"
"1172","relative luftfeuchtigkeit in %","Humidity",NULL,"50717","Training"
"1179","temperature ( c )","Temperature",NULL,"50736","Test"
"1181","humidity 1 (%)","Humidity",NULL,"50743","Test"
"1182","temperature 2 (oc)","Temperature",NULL,"50743","Test"
"1188","pressure","Pressure",NULL,"50745","Test"
"1194","humidity station 2","Humidity",NULL,"50782","Test"
"1195","wind speed station 1","Wind_Speed",NULL,"50782","Test"
"1196","wind direction station 1","Wind_Direction",NULL,"50782","Training"
"1198","wind speed station 2","Wind_Speed",NULL,"50782","Training"
"1199","wind direction station 2","Wind_Direction",NULL,"50782","Test"
"1201","humidity station 1","Humidity",NULL,"50782","Test"
"1205","humidity","Humidity",NULL,"50819","Test"
"1209","cpu_temp","Temperature",NULL,"50842","Test"
"1212","temperature","Temperature",NULL,"50875","Test"
"1218","moisturethreshold","Humidity",NULL,"50882","Training"
"1221","feuchtigkeit","Humidity",NULL,"50890","Training"
"1222","licht","Brightness",NULL,"50890","Training"
"1225","hum11","Humidity",NULL,"50908","Training"
"1227","temp10","Temperature",NULL,"50908","Training"
"1230","voltage","Voltage",NULL,"50937","Test"
"1232","moisture (%)","Humidity",NULL,"50942","Training"
"1233","luchtdruk","Pressure",NULL,"50958","Test"
"1234","temperatuur","Temperature",NULL,"50958","Test"
"1240","temp freezer 1","Temperature",NULL,"51000","Test"
"1244","probe temperature","Temperature",NULL,"51009","Test"
"1245","power","Power",NULL,"51009","Test"
"1246","ambient temperature","Temperature",NULL,"51009","Test"
"1247","tds_ppm","Gas_Level",NULL,"51017","Test"
"1248","humidity (%)","Humidity",NULL,"51031","Test"
"1249","dew point","Dewpoint",NULL,"51031","Test"
"1250","temperature (c)","Temperature",NULL,"51031","Test"
"1251","llight strength (%)","Brightness",NULL,"51031","Test"
"1252","inside","Temperature",NULL,"51037","Test"
"1253","outside","Temperature",NULL,"51037","Test"
"1255","pv (roof) power","Power",NULL,"51041","Test"
"1256","pv converter dc voltage","Voltage",NULL,"51041","Test"
"1257","battery voltage","Voltage",NULL,"51041","Training"
"1258","pv & wind dc voltage","Voltage",NULL,"51041","Test"
"1261","battery voltage","Voltage",NULL,"51041","Training"
"1262","light","Brightness",NULL,"51045","Training"
"1264","temperatur unten","Temperature",NULL,"51051","Training"
"1266","temperatur technikraum","Temperature",NULL,"51051","Test"
"1267","luftfeuchtigkeit technikraum","Humidity",NULL,"51051","Test"
"1268","temperatur oben","Temperature",NULL,"51051","Test"
"1284","teplota","Temperature",NULL,"51078","Training"
"1285","lunghezza","Distance",NULL,"51086","Training"
"1289","ora","Time",NULL,"51086","Test"
"1293","up time","Time",NULL,"51124","Training"
"1296","ram usage in percent","Memory",NULL,"51124","Test"
"1299","temp -c","Temperature",NULL,"51125","Test"
"1300","vlhkost","Humidity",NULL,"51140","Test"
"1301","teplota","Temperature",NULL,"51140","Test"
"1303","hs","Humidity",NULL,"51158","Test"
"1306","office temp f","Temperature",NULL,"51165","Test"
"1309","bedroom temp","Temperature",NULL,"51165","Test"
"1310","attic temp f","Temperature",NULL,"51165","Test"
"1311","basement temp f","Temperature",NULL,"51165","Test"
"1320","light","Brightness",NULL,"51223","Test"
"1322","moisture","Humidity",NULL,"51223","Training"
"1333","humid","Humidity",NULL,"51267","Training"
"1334","temp","Temperature",NULL,"51267","Training"
"1336","light","Brightness",NULL,"51267","Test"
"1337","power","Power",NULL,"51269","Test"
"1338","rms current","Current",NULL,"51269","Training"
"1350","humedad","Humidity",NULL,"51291","Test"
"1352","temperatura","Temperature",NULL,"51291","Test"
"1360","humidity","Humidity",NULL,"51381","Test"
"1361","voltage","Voltage",NULL,"51381","Test"
"1363","si7021 temp","Temperature",NULL,"51382","Test"
"1365","si7021 hum","Humidity",NULL,"51382","Test"
"1366","bmp180 t temp","Temperature",NULL,"51382","Test"
"1367","hum","Humidity",NULL,"51395","Test"
"1369","temp","Temperature",NULL,"51395","Test"
"1374","rainforecast","Rain_Index",NULL,"51397","Test"
"1375","raintotal","Rain_Index",NULL,"51397","Training"
"1376","rainnow","Rain_Index",NULL,"51397","Training"
"1377","humidity","Humidity",NULL,"51426","Test"
"1378","illumination","Brightness",NULL,"51426","Training"
"1379","temperature","Temperature",NULL,"51426","Test"
"1380","outside temp","Temperature",NULL,"51426","Test"
"1382","distance","Distance",NULL,"51445","Test"
"1385","temp","Temperature",NULL,"51539","Test"
"1401","co","Gas_Level",NULL,"51567","Training"
"1403","co2","Gas_Level",NULL,"51567","Training"
"1409","temp (celcius)","Temperature",NULL,"51586","Test"
"1411","standard deviation ppm","Gas_Level",NULL,"51602","Test"
"1413","mean co2 ppm","Gas_Level",NULL,"51602","Test"
"1414","humidity","Humidity",NULL,"51602","Test"
"1415","pressure","Pressure",NULL,"51602","Training"
"1421","battery voltage","Voltage",NULL,"51641","Test"
"1431","humedad","Humidity",NULL,"51698","Test"
"1432","luz","Brightness",NULL,"51698","Training"
"1436","temp from ds18b20(+-0.1c)","Temperature",NULL,"51711","Test"
"1438","lluvia","Rain_Index",NULL,"51712","Test"
"1440","tempaire","Temperature",NULL,"51712","Test"
"1441","humedad relativa","Humidity",NULL,"51712","Test"
"1442","tempelectronica","Temperature",NULL,"51712","Test"
"1443","temppeces","Temperature",NULL,"51712","Test"
"1444","living humidity","Humidity",NULL,"51713","Test"
"1446","living temperature","Temperature",NULL,"51713","Test"
"1447","dorm humidity","Humidity",NULL,"51713","Test"
"1448","temperatura","Temperature",NULL,"51720","Training"
"1452","humidity","Humidity",NULL,"51749","Test"
"1454","temperature","Temperature",NULL,"51749","Test"
"1458","outsidet","Temperature",NULL,"51760","Training"
"1459","insidet","Temperature",NULL,"51760","Training"
"1464","average power","Power",NULL,"51788","Test"
"1466","moist","Humidity",NULL,"51842","Training"
"1467","downstairs temp","Temperature",NULL,"51844","Test"
"1468","downstairs rh","Humidity",NULL,"51844","Test"
"1469","barometric pressure (mb)","Pressure",NULL,"51844","Training"
"1470","power","Power",NULL,"51848","Test"
"1473","humidity","Humidity",NULL,"51860","Test"
"1475","power","Power",NULL,"51874","Test"
"1476","temperatuur bijkamer","Temperature",NULL,"51884","Test"
"1479","inside heat index [c]","Heat_Index",NULL,"51898","Test"
"1480","inside temperature [c]","Temperature",NULL,"51898","Test"
"1481","connection time [sec]","Time",NULL,"51898","Test"
"1483","battery voltage [v]","Voltage",NULL,"51898","Test"
"1484","outside temperature [c]","Temperature",NULL,"51898","Test"
"1487","pressure(millibar)","Pressure",NULL,"51910","Test"
"1488","humidity(%rh)","Humidity",NULL,"51910","Test"
"1489","humidity","Humidity",NULL,"51915","Test"
"1490","temperature","Temperature",NULL,"51915","Test"
"1492","uv index","UV",NULL,"51932","Test"
"1493","relative humidity","Humidity",NULL,"51932","Test"
"1494","temperature-dht","Temperature",NULL,"51932","Test"
"1495","air pressure","Pressure",NULL,"51932","Training"
"1499","light level","Brightness",NULL,"51932","Training"
"1508","temp_f","Temperature",NULL,"51940","Training"
"1510","temp_c","Temperature",NULL,"51940","Training"
"1513","temperatura freezer","Temperature",NULL,"51961","Test"
"1514","potenza (apparente)","Power",NULL,"51961","Training"
"1515","temperatura frigo","Temperature",NULL,"51961","Test"
"1516","temperatuur","Temperature",NULL,"51968","Test"
"1518","garasje - luftfuktighet","Humidity",NULL,"51969","Test"
"1519","garasje - spenning","Voltage",NULL,"51969","Test"
"1520","garasje - temperatur","Temperature",NULL,"51969","Test"
"1521","mc bod - spenning","Voltage",NULL,"51969","Test"
"1523","mc bod - luftfuktighet","Humidity",NULL,"51969","Test"
"1524","mc bod - temperatur","Temperature",NULL,"51969","Test"
"1525","humd","Humidity",NULL,"51987","Training"
"1529","co2 gas level","Gas_Level",NULL,"52019","Training"
"1532","sp1","Temperature",NULL,"52035","Test"
"1533","ambient temp garage","Temperature",NULL,"52045","Test"
"1535","counter","Count",NULL,"52047","Training"
"1536","luminosity","Brightness",NULL,"52047","Training"
"1537","dust","Dust_Level",NULL,"52047","Test"
"1538","temperature","Temperature",NULL,"52047","Test"
"1541","battery level","Battery_Level",NULL,"52047","Test"
"1543","last last day grid consumption","Power",NULL,"52050","Test"
"1544","present power production","Power",NULL,"52050","Test"
"1545","last hour production","Power",NULL,"52050","Test"
"1546","battery voltage","Voltage",NULL,"52050","Training"
"1547","measured grid current","Current",NULL,"52050","Training"
"1548","measured grid voltage","Voltage",NULL,"52050","Test"
"1549","measured grid power consumption","Power",NULL,"52050","Test"
"1550","last day production","Power",NULL,"52050","Test"
"1551","light","Brightness",NULL,"52057","Training"
"1552","temp","Temperature",NULL,"52057","Test"
"1554","datetime","Time",NULL,"52063","Test"
"1558","pressure","Pressure",NULL,"52085","Test"
"1559","humidity","Humidity",NULL,"52085","Test"
"1562","temperature","Temperature",NULL,"52107","Test"
"1565","sunlight","Brightness",NULL,"52147","Training"
"1566","humidity","Humidity",NULL,"52148","Test"
"1567","temperature","Temperature",NULL,"52148","Test"
"1578","counter","Count",NULL,"52172","Test"
"1579","luminosity","Brightness",NULL,"52172","Test"
"1580","dust","Dust_Level",NULL,"52172","Test"
"1581","temperature","Temperature",NULL,"52172","Test"
"1584","battery level","Battery_Level",NULL,"52172","Test"
"1586","humidity","Humidity",NULL,"52180","Test"
"1587","worcester air temp","Temperature",NULL,"52180","Training"
"1588","temperaturef","Temperature",NULL,"52180","Training"
"1589","worcester humidity","Humidity",NULL,"52180","Test"
"1591","temperatuur","Temperature",NULL,"52182","Test"
"1593","temperatur(5min)","Temperature",NULL,"52185","Test"
"1594","temperatur","Temperature",NULL,"52185","Test"
"1595","rssi(dbm)","RSSI",NULL,"52185","Test"
"1596","temperatur(15min)","Temperature",NULL,"52185","Test"
"1597","cpu load","CPU_Usage",NULL,"52214","Test"
"1599","cpu temp","Temperature",NULL,"52214","Test"
"1605","tegangan sel surya (volt)","Voltage",NULL,"52218","Test"
"1606","kapasitas (volt)","Voltage",NULL,"52218","Test"
"1608","arus sel surya (ampere)","Current",NULL,"52218","Test"
"1609","power","Power",NULL,"52227","Test"
"1614","relative humidity ( % )","Humidity",NULL,"52240","Test"
"1616","pressure (mbar)","Pressure",NULL,"52241","Training"
"1617","temp (c)","Temperature",NULL,"52241","Test"
"1619","power usage (watt)","Power",NULL,"52241","Test"
"1620","ambient light","Brightness",NULL,"52241","Training"
"1622","power consuption","Power",NULL,"52250","Test"
"1623","voltage rms","Voltage",NULL,"52250","Test"
"1624","power production","Power",NULL,"52250","Test"
"1625","power exchange","Power",NULL,"52250","Test"
"1626","pressure [hpa]","Pressure",NULL,"52257","Test"
"1627","sensor voltage [mv]","Voltage",NULL,"52257","Test"
"1628","temperature [c]","Temperature",NULL,"52257","Test"
"1630","memory usage [%]","Memory",NULL,"52257","Test"
"1631","cpu usage [%]","CPU_Usage",NULL,"52257","Test"
"1634","current","Current",NULL,"52264","Test"
"1635","power","Power",NULL,"52264","Test"
"1636","voltage","Voltage",NULL,"52264","Test"
"1638","time","Time",NULL,"52277","Test"
"1639","location","Geolocalization",NULL,"52277","Training"
"1640","smokelevel","Gas_Level",NULL,"52277","Training"
"1643","place","Geolocalization",NULL,"52277","Test"
"1648","pressure","Pressure",NULL,"52281","Test"
"1649","heater","Heat_Index",NULL,"52281","Training"
"1650","temp","Temperature",NULL,"52281","Training"
"1654","temperature","Temperature",NULL,"52299","Test"
"1655","uptime","Time",NULL,"52299","Test"
"1658","pressure (psi)","Pressure",NULL,"52300","Test"
"1659","uptime","Time",NULL,"52301","Test"
"1660","cpu_pc","CPU_Usage",NULL,"52301","Test"
"1662","cpu_temp","Temperature",NULL,"52301","Test"
"1663","temperatura gpu","Temperature",NULL,"52312","Test"
"1664","temperatura cpu","Temperature",NULL,"52312","Test"
"1665","batt. voltage","Voltage",NULL,"52346","Training"
"1666","temperature","Temperature",NULL,"52346","Test"
"1667","humidity rh","Humidity",NULL,"52357","Test"
"1668","light intensity","Brightness",NULL,"52357","Test"
"1673","voltage","Voltage",NULL,"52459","Test"
"1677","temperature","Temperature",NULL,"52468","Test"
"1679","temperatura","Temperature",NULL,"52472","Test"
"1680","chuva hoje","Rain_Index",NULL,"52472","Test"
"1681","umidade","Humidity",NULL,"52472","Test"
"1683","humidity (%)","Humidity",NULL,"52482","Test"
"1684","soil moisture (raw data)","Humidity",NULL,"52482","Test"
"1685","temperature (c)","Temperature",NULL,"52482","Test"
"1686","rate","Rate",NULL,"52488","Test"
"1687","time","Time",NULL,"52488","Test"
"1688","humidity","Humidity",NULL,"52495","Test"
"1690","irradiance (dirty)","Radiation",NULL,"52499","Training"
"1691","temperature (interior)","Temperature",NULL,"52499","Test"
"1692","irradiance (clean)","Radiation",NULL,"52499","Test"
"1696","temperature (exterior)","Temperature",NULL,"52499","Test"
"1700","time since last activity","Time",NULL,"52506","Test"
"1710","celsius","Temperature",NULL,"52543","Training"
"1713","temp outside","Temperature",NULL,"52580","Training"
"1715","temp inside","Temperature",NULL,"52580","Training"
"1718","watts","Power",NULL,"52590","Training"
"1719","temper. interna","Temperature",NULL,"52611","Training"
"1721","temper. esterna","Temperature",NULL,"52611","Training"
"1722","bmp085_press","Pressure",NULL,"52612","Test"
"1723","ds18b20_temp","Temperature",NULL,"52612","Test"
"1724","bmp085_temp","Temperature",NULL,"52612","Test"
"1727","hdt22_hum","Humidity",NULL,"52612","Test"
"1728","hdt22_temp","Temperature",NULL,"52612","Test"
"1735","humidity","Humidity",NULL,"52630","Test"
"1736","temperature","Temperature",NULL,"52630","Test"
"1740","t3","Temperature",NULL,"52666","Test"
"1741","t1","Temperature",NULL,"52666","Test"
"1742","humidity","Humidity",NULL,"52676","Test"
"1743","temperature","Temperature",NULL,"52676","Test"
"1744","pv current in","Current",NULL,"52686","Test"
"1745","net load current","Current",NULL,"52686","Test"
"1746","battery voltage","Voltage",NULL,"52686","Test"
"1747","uptime","Time",NULL,"52691","Test"
"1748","humidity","Humidity",NULL,"52694","Test"
"1749","temperature","Temperature",NULL,"52694","Test"
"1750","humidity","Humidity",NULL,"52698","Test"
"1757","temperature","Temperature",NULL,"52706","Test"
"1759","apparentpower","Power",NULL,"52721","Test"
"1763","temperatur","Temperature",NULL,"52731","Test"
"1764","kelembaban","Humidity",NULL,"52731","Test"
"1768","longitude","Geolocalization",NULL,"52731","Training"
"1769","altitude","Geolocalization",NULL,"52731","Test"
"1770","teplota2","Temperature",NULL,"52742","Training"
"1771","teplota3","Temperature",NULL,"52742","Test"
"1775","time","Time",NULL,"52753","Test"
"1778","time","Time",NULL,"52755","Test"
"1780","humidity","Humidity",NULL,"52756","Test"
"1781","temperature (*c)","Temperature",NULL,"52756","Training"
"1783","time","Time",NULL,"52757","Test"
"1789","temperatura gpu","Temperature",NULL,"52779","Test"
"1790","temperatura cpu","Temperature",NULL,"52779","Test"
"1791","humidity","Humidity",NULL,"52791","Test"
"1793","temp","Temperature",NULL,"52791","Test"
"1798","current sensor","Current",NULL,"52794","Test"
"1799","voltage sensor","Voltage",NULL,"52794","Test"
"1800","cpu_temp","Temperature",NULL,"52799","Test"
"1802","uptime","Time",NULL,"52799","Training"
"1805","temperature","Temperature",NULL,"52810","Test"
"1807","temperature","Temperature",NULL,"52811","Test"
"1819","dht 11 humidity","Humidity",NULL,"52827","Test"
"1820","dht11 temperture","Temperature",NULL,"52827","Test"
"1822","dew point","Dewpoint",NULL,"52832","Test"
"1823","rel. humidity","Humidity",NULL,"52839","Test"
"1824","voltage","Voltage",NULL,"52839","Test"
"1827","temperatura cuba","Temperature",NULL,"52840","Test"
"1828","temp motor mixer","Temperature",NULL,"52840","Test"
"1833","temperature","Temperature",NULL,"52842","Test"
"1834","heat index","Heat_Index",NULL,"52842","Test"
"1835","humidity","Humidity",NULL,"52842","Test"
"1836","temperature sensor","Temperature",NULL,"52848","Test"
"1837","temperature","Temperature",NULL,"52876","Test"
"1838","humidity","Humidity",NULL,"52876","Test"
"1839","humedad","Humidity",NULL,"52878","Test"
"1840","temperatura","Temperature",NULL,"52878","Test"
"1841","field label 1","Temperature",NULL,"52881","Test"
"1843","light","Brightness",NULL,"52906","Training"
"1844","temperature","Temperature",NULL,"52906","Test"
"1847","temperature [deg c]","Temperature",NULL,"52907","Test"
"1848","pressure  [hpa]","Pressure",NULL,"52907","Test"
"1849","humidity {%]","Humidity",NULL,"52907","Test"
"1850","temperature [deg c]","Temperature",NULL,"52907","Test"
"1853","humidity","Humidity",NULL,"52911","Test"
"1854","ph","PH",NULL,"52914","Test"
"1855","consumi (w)","Power",NULL,"52914","Test"
"1856","temperatura","Temperature",NULL,"52914","Training"
"1859","rssi","RSSI",NULL,"52973","Test"
"1861","temp","Temperature",NULL,"52975","Test"
"1865","batvol","Voltage",NULL,"52975","Test"
"1871","temp","Temperature",NULL,"EJxzzNmbgGCAE5dAoGDa","Test"
"1872","baromin","Pressure",NULL,"v0xYADDJANhlXd2MjGgq","Test"
"1873","batt_lvl","Battery_Level",NULL,"v0xYADDJANhlXd2MjGgq","Test"
"1874","dailyrainin","Rain_Index",NULL,"v0xYADDJANhlXd2MjGgq","Test"
"1875","dewptf","Dewpoint",NULL,"v0xYADDJANhlXd2MjGgq","Test"
"1876","humidity","Humidity",NULL,"v0xYADDJANhlXd2MjGgq","Test"
"1877","light_lvl","Brightness",NULL,"v0xYADDJANhlXd2MjGgq","Training"
"1878","measurementtime","Time",NULL,"v0xYADDJANhlXd2MjGgq","Test"
"1879","rainin","Rain_Index",NULL,"v0xYADDJANhlXd2MjGgq","Test"
"1881","winddir","Wind_Direction",NULL,"v0xYADDJANhlXd2MjGgq","Test"
"1882","winddir_avg2m","Wind_Direction",NULL,"v0xYADDJANhlXd2MjGgq","Test"
"1883","windgustdir","Wind_Direction",NULL,"v0xYADDJANhlXd2MjGgq","Test"
"1888","windspeedmph","Wind_Speed",NULL,"v0xYADDJANhlXd2MjGgq","Test"
"1895","tempx","Temperature",NULL,"WGDqNG2Q9GC6j4jbovno","Test"
"1897","moisture","Humidity",NULL,"wpxvbywa0GfnOGE734xE","Test"
"1898","temp","Temperature",NULL,"wpxvbywa0GfnOGE734xE","Test"
"1899","counter","Count",NULL,"Jxw4q0wDn4S2x3Mp3nMK","Test"
"1903","timestamp","Time",NULL,"Jxw4q0wDn4S2x3Mp3nMK","Test"
"1905","voltage","Voltage",NULL,"4JW8RyG3opFmRz81ab1Z","Test"
"1906","baromin","Pressure",NULL,"4JdAAX4GjzfmAz0yVp01","Test"
"1907","batt_lvl","Brightness",NULL,"4JdAAX4GjzfmAz0yVp01","Training"
"1908","dailyrainin","Rain_Index",NULL,"4JdAAX4GjzfmAz0yVp01","Training"
"1909","dewptf","Dewpoint",NULL,"4JdAAX4GjzfmAz0yVp01","Test"
"1910","humidity","Humidity",NULL,"4JdAAX4GjzfmAz0yVp01","Test"
"1911","light_lvl","Brightness",NULL,"4JdAAX4GjzfmAz0yVp01","Test"
"1912","rainin","Rain_Index",NULL,"4JdAAX4GjzfmAz0yVp01","Test"
"1919","windgustmph_10m","Wind_Speed",NULL,"4JdAAX4GjzfmAz0yVp01","Training"
"1921","windspeedmph","Wind_Speed",NULL,"4JdAAX4GjzfmAz0yVp01","Test"
"1922","baromin","Pressure",NULL,"DJr4zm0Mr7IAvYL8dREO","Test"
"1923","batt_lvl","Battery_Level",NULL,"DJr4zm0Mr7IAvYL8dREO","Test"
"1924","dailyrainin","Rain_Index",NULL,"DJr4zm0Mr7IAvYL8dREO","Test"
"1926","humidity","Humidity",NULL,"DJr4zm0Mr7IAvYL8dREO","Test"
"1927","light_lvl","Brightness",NULL,"DJr4zm0Mr7IAvYL8dREO","Test"
"1928","rainin","Rain_Index",NULL,"DJr4zm0Mr7IAvYL8dREO","Test"
"1929","tempf","Temperature",NULL,"DJr4zm0Mr7IAvYL8dREO","Test"
"1930","winddir","Wind_Direction",NULL,"DJr4zm0Mr7IAvYL8dREO","Test"
"1931","winddir_avg2m","Wind_Direction",NULL,"DJr4zm0Mr7IAvYL8dREO","Test"
"1932","windgustdir","Wind_Direction",NULL,"DJr4zm0Mr7IAvYL8dREO","Test"
"1933","windgustdir_10m","Wind_Direction",NULL,"DJr4zm0Mr7IAvYL8dREO","Training"
"1934","windgustmph","Wind_Speed",NULL,"DJr4zm0Mr7IAvYL8dREO","Training"
"1935","windgustmph_10m","Wind_Speed",NULL,"DJr4zm0Mr7IAvYL8dREO","Training"
"1936","windspdmph_avg2m","Wind_Speed",NULL,"DJr4zm0Mr7IAvYL8dREO","Training"
"1937","windspeedmph","Wind_Speed",NULL,"DJr4zm0Mr7IAvYL8dREO","Test"
"1939","maxtemp","Temperature",NULL,"9JJDaQyra6UyKxdLN6vz","Test"
"1940","mintemp","Temperature",NULL,"9JJDaQyra6UyKxdLN6vz","Test"
"1941","temp","Temperature",NULL,"9JJDaQyra6UyKxdLN6vz","Test"
"1942","datetime","Time",NULL,"q54ZErloJ2UmJ37p1ALA","Test"
"1943","temp","Temperature",NULL,"q54ZErloJ2UmJ37p1ALA","Test"
"1944","humidity","Humidity",NULL,"AJaDE8XDyyu1ambGVD0o","Test"
"1945","light","Brightness",NULL,"AJaDE8XDyyu1ambGVD0o","Test"
"1946","temperature","Temperature",NULL,"AJaDE8XDyyu1ambGVD0o","Test"
"1947","humidity","Humidity",NULL,"KJYb7xo8KwSaqVY0gl8K","Test"
"1948","soil_moisture","Humidity",NULL,"KJYb7xo8KwSaqVY0gl8K","Test"
"1949","temperature","Temperature",NULL,"KJYb7xo8KwSaqVY0gl8K","Test"
"1950","humidity_1","Humidity",NULL,"Jx65MJrOA6iXwN4gp3pg","Test"
"1951","humidity_2","Humidity",NULL,"Jx65MJrOA6iXwN4gp3pg","Test"
"1952","temp_1","Temperature",NULL,"Jx65MJrOA6iXwN4gp3pg","Test"
"1953","temp_2","Temperature",NULL,"Jx65MJrOA6iXwN4gp3pg","Test"
"1954","baromin","Pressure",NULL,"o8q4gGq7DYc5YnEjmMgy","Test"
"1955","batt_lvl","Battery_Level",NULL,"o8q4gGq7DYc5YnEjmMgy","Test"
"1956","dailyrainin","Rain_Index",NULL,"o8q4gGq7DYc5YnEjmMgy","Test"
"1957","dewptf","Dewpoint",NULL,"o8q4gGq7DYc5YnEjmMgy","Test"
"1958","humidity","Humidity",NULL,"o8q4gGq7DYc5YnEjmMgy","Test"
"1959","light_lvl","Brightness",NULL,"o8q4gGq7DYc5YnEjmMgy","Test"
"1960","measurementtime","Time",NULL,"o8q4gGq7DYc5YnEjmMgy","Test"
"1961","rainin","Rain_Index",NULL,"o8q4gGq7DYc5YnEjmMgy","Test"
"1963","winddir","Wind_Direction",NULL,"o8q4gGq7DYc5YnEjmMgy","Test"
"1964","winddir_avg2m","Wind_Direction",NULL,"o8q4gGq7DYc5YnEjmMgy","Test"
"1970","windspeedmph","Wind_Speed",NULL,"o8q4gGq7DYc5YnEjmMgy","Test"
"1971","co","Gas_Level",NULL,"5JXrQamdLRt0nXxmQL8D","Test"
"1972","co2","Gas_Level",NULL,"5JXrQamdLRt0nXxmQL8D","Test"
"1973","humidity","Humidity",NULL,"5JXrQamdLRt0nXxmQL8D","Test"
"1974","nh4","Gas_Level",NULL,"5JXrQamdLRt0nXxmQL8D","Training"
"1975","temp","Temperature",NULL,"5JXrQamdLRt0nXxmQL8D","Test"
"1977","co2_ppm","Gas_Level",NULL,"9JravjD45WHV9LJ5174D","Test"
"1978","humidity_perc","Humidity",NULL,"9JravjD45WHV9LJ5174D","Test"
"1979","temperature_cent","Temperature",NULL,"9JravjD45WHV9LJ5174D","Test"
"1982","pressure","Temperature",NULL,"roK1Q9mpNbTYZJLWoxOG","Test"
"1983","temp","Temperature",NULL,"roK1Q9mpNbTYZJLWoxOG","Test"
"1986","humidity_perc","Humidity",NULL,"KJEp35Rl9JcbRJWZ1KX1","Test"
"1988","temperature_cent","Temperature",NULL,"KJEp35Rl9JcbRJWZ1KX1","Test"
"1989","voc_ppm","Gas_Level",NULL,"KJEp35Rl9JcbRJWZ1KX1","Test"
"1991","relative_humidity","Humidity",NULL,"bGaRgX3OMzCQpa43YAQy","Test"
"1992","temperature_in_celsius","Humidity",NULL,"bGaRgX3OMzCQpa43YAQy","Test"
"1996","temp","Temperature",NULL,"Jx65GNKayEcnx98XAV28","Test"
"1997","xtime","Time",NULL,"Jx65GNKayEcnx98XAV28","Test"
"1998","temp","Temperature",NULL,"VGVaq3mLnlU6l0y48b46","Test"
"1999","time_ms","Time",NULL,"DJLXZzaZX5f33pL91LYQ","Test"
"2000","humidity","Humidity",NULL,"QGpDbJzpYnH0RrZaGAz9","Test"
"2008","humidity","Humidity",NULL,"RM45xynYyGcjN5Jl14bY","Test"
"2009","temp","Temperature",NULL,"RM45xynYyGcjN5Jl14bY","Test"
"2029","ambient_light","Brightness",NULL,"OGbNQ9m8bQH7V4Gxwvpj","Test"
"2030","blue_light","Colour",NULL,"OGbNQ9m8bQH7V4Gxwvpj","Test"
"2031","green_light","Colour",NULL,"OGbNQ9m8bQH7V4Gxwvpj","Test"
"2032","humidity","Humidity",NULL,"OGbNQ9m8bQH7V4Gxwvpj","Test"
"2033","pressurepa","Pressure",NULL,"OGbNQ9m8bQH7V4Gxwvpj","Test"
"2034","red_light","Colour",NULL,"OGbNQ9m8bQH7V4Gxwvpj","Test"
"2035","temperaturef","Temperature",NULL,"OGbNQ9m8bQH7V4Gxwvpj","Test"
"2037","temp1","Temperature",NULL,"6JMD0ZXJdNHw7DgmzaDd","Test"
"2038","time","Time",NULL,"6JMD0ZXJdNHw7DgmzaDd","Test"
"2043","room","Temperature",NULL,"g6M8ZX98J0sKnv34LxM3","Test"
"2046","temp","Temperature",NULL,"AJj1DO90zbCNWJKqQJRV","Test"
"2056","temp","Temperature",NULL,"n11ZzGN8LYhOX5xo2wM0","Test"
"2057","time","Time",NULL,"n11ZzGN8LYhOX5xo2wM0","Test"
"2058","temp","Temperature",NULL,"3J6jw1RRDVC3Wmz1YN9J","Training"
"2064","time","Time",NULL,"MG40r6AdvgIKNDymOAoL","Test"
"2065","hum","Humidity",NULL,"G2LJ1yNoWNIJ5q28l8o4","Test"
"2066","rssi","RSSI",NULL,"G2LJ1yNoWNIJ5q28l8o4","Test"
"2067","temp","Temperature",NULL,"G2LJ1yNoWNIJ5q28l8o4","Test"
"2068","voltage","Voltage",NULL,"G2LJ1yNoWNIJ5q28l8o4","Test"
"2073","time","Time",NULL,"wp0xb1gpNNImpdpWYz47","Test"
"2092","humidity","Humidity",NULL,"mKzLLQaGApTJl33vxr0p","Test"
"2093","pressure","Pressure",NULL,"mKzLLQaGApTJl33vxr0p","Test"
"2094","rainin","Rain_Index",NULL,"mKzLLQaGApTJl33vxr0p","Test"
"2095","temperature","Temperature",NULL,"mKzLLQaGApTJl33vxr0p","Test"
"2096","winddir","Wind_Direction",NULL,"mKzLLQaGApTJl33vxr0p","Test"
"2097","windspeed","Wind_Speed",NULL,"mKzLLQaGApTJl33vxr0p","Test"
"2098","temp0","Temperature",NULL,"EJOGAKYMaasdmXAj5NNz","Test"
"2099","temp1","Temperature",NULL,"EJOGAKYMaasdmXAj5NNz","Test"
"2100","humidity","Humidity",NULL,"RMwY6KqVX3inZdZ8yQ11","Test"
"2101","temperature","Temperature",NULL,"RMwY6KqVX3inZdZ8yQ11","Test"
"2102","current","Current",NULL,"5Jx8MZ8MMwfQKr1goRrK","Test"
"2103","internal_voltage","Voltage",NULL,"5Jx8MZ8MMwfQKr1goRrK","Training"
"2104","power","Power",NULL,"5Jx8MZ8MMwfQKr1goRrK","Test"
"2105","temperature_inside","Temperature",NULL,"5Jx8MZ8MMwfQKr1goRrK","Test"
"2106","temperature_outside","Temperature",NULL,"5Jx8MZ8MMwfQKr1goRrK","Test"
"2107","voltage","Voltage",NULL,"5Jx8MZ8MMwfQKr1goRrK","Test"
"2108","baromin","Pressure",NULL,"yARA1lnEJ1czKGWpdxRb","Test"
"2109","batt_lvl","Battery_Level",NULL,"yARA1lnEJ1czKGWpdxRb","Test"
"2112","humidity","Humidity",NULL,"yARA1lnEJ1czKGWpdxRb","Test"
"2113","light_lvl","Brightness",NULL,"yARA1lnEJ1czKGWpdxRb","Test"
"2114","measurementtime","Time",NULL,"yARA1lnEJ1czKGWpdxRb","Test"
"2115","pressure","Pressure",NULL,"yARA1lnEJ1czKGWpdxRb","Test"
"2116","rainin","Rain_Index",NULL,"yARA1lnEJ1czKGWpdxRb","Test"
"2117","tempc","Temperature",NULL,"yARA1lnEJ1czKGWpdxRb","Test"
"2118","tempf","Temperature",NULL,"yARA1lnEJ1czKGWpdxRb","Test"
"2119","temph","Temperature",NULL,"yARA1lnEJ1czKGWpdxRb","Test"
"2120","winddir","Wind_Direction",NULL,"yARA1lnEJ1czKGWpdxRb","Test"
"2129","light","Brightness",NULL,"pwLXN5NV32tLv7Qy2WGE","Test"
"2130","temperature","Temperature",NULL,"pwLXN5NV32tLv7Qy2WGE","Test"
"2131","light","Brightness",NULL,"wpYj4lwJ6XUnownZvw4W","Test"
"2134","hum","Humidity",NULL,"KJY7dDxp82tyZqxZjbvW","Training"
"2135","pres","Pressure",NULL,"KJY7dDxp82tyZqxZjbvW","Test"
"2136","temp","Temperature",NULL,"KJY7dDxp82tyZqxZjbvW","Test"
"2137","volt","Voltage",NULL,"KJY7dDxp82tyZqxZjbvW","Training"
"2140","co2_ppm","Gas_Level",NULL,"ZG0aKVyV3DsQGNY8maO9","Test"
"2141","humidity_perc","Humidity",NULL,"ZG0aKVyV3DsQGNY8maO9","Test"
"2142","temperature_cent","Temperature",NULL,"ZG0aKVyV3DsQGNY8maO9","Test"
"2144","temp_degc","Temperature",NULL,"2J5rnpZllATNjOOmqLrq","Test"
"2147","vbattery","Voltage",NULL,"2J5rnpZllATNjOOmqLrq","Training"
"2154","dewpoint","Dewpoint",NULL,"6JAwomm9WAin8Rb8jD4E","Test"
"2155","heatindex","Heat_Index",NULL,"6JAwomm9WAin8Rb8jD4E","Test"
"2156","humidity","Humidity",NULL,"6JAwomm9WAin8Rb8jD4E","Test"
"2157","temperature","Temperature",NULL,"6JAwomm9WAin8Rb8jD4E","Test"
"2158","humidity","Humidity",NULL,"3JabJGjzQdU0LQWJK9XM","Test"
"2159","temp","Temperature",NULL,"3JabJGjzQdU0LQWJK9XM","Test"
"2161","temp","Temperature",NULL,"NJG8aKKamQiv0dvRlJOL","Test"
"2163","darkness","Brightness",NULL,"AJlbnX74Y5Sl9OxANLZy","Test"
"2164","lightintensity","Brightness",NULL,"AJlbnX74Y5Sl9OxANLZy","Test"
"2167","hidx1","Heat_Index",NULL,"wpx0pZVLv6IbmrpKx95p","Test"
"2168","hidx2","Heat_Index",NULL,"wpx0pZVLv6IbmrpKx95p","Test"
"2169","hum1","Humidity",NULL,"wpx0pZVLv6IbmrpKx95p","Test"
"2170","hum2","Humidity",NULL,"wpx0pZVLv6IbmrpKx95p","Test"
"2171","temp1","Temperature",NULL,"wpx0pZVLv6IbmrpKx95p","Test"
"2172","temp2","Temperature",NULL,"wpx0pZVLv6IbmrpKx95p","Test"
"2173","blue","Colour",NULL,"aGrz8D4XAbhEOQ6b9Qx5","Test"
"2174","green","Colour",NULL,"aGrz8D4XAbhEOQ6b9Qx5","Test"
"2175","red","Colour",NULL,"aGrz8D4XAbhEOQ6b9Qx5","Test"
"2181","Humidity","Humidity",NULL,"60039","Training"
"2182","Dew point","Dewpoint",NULL,"60039","Training"
"2183","Temperature","Temperature",NULL,"60039","Training"
"2184","Humidity","Humidity",NULL,"60040","Training"
"2185","Temperature","Temperature",NULL,"60040","Training"
"2186","humidity","Humidity",NULL,"60043","Training"
"2187","pressure","Pressure",NULL,"60043","Training"
"2188","temperature","Temperature",NULL,"60043","Training"
"2191","voltage","Voltage",NULL,"60043","Training"
"2192","tempRef","Temperature",NULL,"60043","Training"
"2199","Temperature","Temperature",NULL,"60049","Training"
"2200","Humidity","Humidity",NULL,"60049","Training"
"2201","Battery","Battery_Level",NULL,"60049","Training"
"2205","Humidity","Humidity",NULL,"60054","Training"
"2206","Temperatur","Temperature",NULL,"60054","Training"
"2207","Pressure","Pressure",NULL,"60060","Training"
"2208","Temperature","Temperature",NULL,"60060","Training"
"2214","HUMIDITY","Humidity",NULL,"60110","Training"
"2215","PRESSURE","Pressure",NULL,"60110","Training"
"2216","TEMPERATURE 01","Temperature",NULL,"60110","Training"
"2223","Room Temperature","Temperature",NULL,"60115","Training"
"2224","Humidity","Humidity",NULL,"60115","Training"
"2227","Beer Temperature","Temperature",NULL,"60128","Training"
"2232","RSSI","RSSI",NULL,"60128","Training"
"2233","Supply Voltage","Voltage",NULL,"60128","Training"
"2234","Temp1","Temperature",NULL,"60162","Training"
"2236","Amp","Current",NULL,"60183","Training"
"2237","volt","Voltage",NULL,"60189","Training"
"2238","Temp.","Temperature",NULL,"60193","Training"
"2249","humi","Humidity",NULL,"60235","Training"
"2263","infrared_temperature","Temperature",NULL,"60267","Training"
"2264","gas","Gas_Level",NULL,"60267","Training"
"2265","motion","Motion",NULL,"60267","Training"
"2274","RSSI","RSSI",NULL,"60279","Training"
"2288","Moisture ","Humidity",NULL,"60331","Training"
"2303","Collector Temp","Temperature",NULL,"60389","Training"
"2304","Outlet Temp","Temperature",NULL,"60389","Training"
"2326","temp","Temperature",NULL,"60549","Training"
"2327","Humidity","Humidity",NULL,"60553","Training"
"2328","Energy","Energy",NULL,"60553","Training"
"2331","Temp [C]","Temperature",NULL,"60563","Training"
"2335","rssi","RSSI",NULL,"60567","Training"
"2337","Temp in Celsius","Temperature",NULL,"60577","Training"
"2338","humidity","Humidity",NULL,"60585","Training"
"2490","Temp (dht22)","Temperature",NULL,"60903","Training"
"2491","Humi (dht22)","Humidity",NULL,"60903","Training"
"2492","Temp (bmp180)","Temperature",NULL,"60903","Training"
"2493","Lux (BH1750)","Brightness",NULL,"60903","Training"
"2494","Pressure (bmp180)","Pressure",NULL,"60903","Training"
"2498","Pressure WS","Pressure",NULL,"60917","Training"
"2499","Humidity WS","Humidity",NULL,"60917","Training"
"2501","Wind direction WS","Wind_Direction",NULL,"60917","Training"
"2509","Temperatuur (DHT)","Temperature",NULL,"60927","Training"
"2524","Energia","Energy",NULL,"60950","Training"
"2525","Temperatura (C)","Temperature",NULL,"60954","Training"
"2528","Distancia","Distance",NULL,"60954","Training"
"3044","Humedad","Humidity",NULL,"80047","Training"
"3045","Temperatura","Temperature",NULL,"80047","Training"
"3054","Humidity","Humidity",NULL,"80072","Training"
"3055","Temperature","Temperature",NULL,"80072","Training"
